submission_date,Alaska,Alabama,Arkansas,Arizona,California,Colorado,Connecticut,Delaware,Connecticut,Florida,Georgia,Hawaii,Iowa,Idaho,Illinois,Indiana,Kansas,Kentucky,Louisiana,Massachusetts,Maryland,Maine,Michigan,Minnesota,Missouri,Mississippi,Montana,North Carolina,North Dakota,Nebraska,New Hampshire,New Jersey,New Mexico,Nevada,New York,Ohio,Oklahoma,Oregon,Pennsylvania,Rhode Island,South Carolina,South Dakota,Tennessee,Texas,Utah,Virginia,Vermont,Washington,Wisconsin,West Virginia,Wyoming
1/22/2020,0,0,0,0,0,0,0,0,0,0,0,0,0,0,0,0,0,0,0,0,0,0,0,0,0,0,0,0,0,0,0,0,0,0,0,0,0,0,0,0,0,0,0,0,0,0,0,0,0,0,0
1/23/2020,0,0,0,0,0,0,0,0,0,0,0,0,0,0,1,0,0,0,0,0,0,0,0,0,0,0,0,0,0,0,0,0,0,0,0,0,0,0,0,0,0,0,0,0,0,0,0,0,0,0,0
1/24/2020,0,0,0,0,0,0,0,0,0,0,0,0,0,0,0,0,0,0,0,0,0,0,0,0,0,0,0,0,0,0,0,0,0,0,0,0,0,0,0,0,0,0,0,0,0,0,0,0,0,0,0
1/25/2020,0,0,0,1,0,0,0,0,0,0,0,0,0,0,0,0,0,0,0,0,0,0,0,0,0,0,0,0,0,0,0,0,0,0,0,0,0,0,0,0,0,0,0,0,0,0,0,0,0,0,0
1/26/2020,0,0,0,0,0,0,0,0,0,0,0,0,0,0,0,0,0,0,0,0,0,0,0,0,0,0,0,0,0,0,0,0,0,0,0,0,0,0,0,0,0,0,0,0,0,0,0,0,0,0,0
1/27/2020,0,0,0,0,0,0,0,0,0,0,0,0,0,0,0,0,0,0,0,0,0,0,0,0,0,0,0,0,0,0,0,0,0,0,0,0,0,0,0,0,0,0,0,0,0,0,0,0,0,0,0
1/28/2020,0,0,0,0,0,0,0,0,0,0,0,0,0,0,0,0,0,0,0,0,0,0,0,0,0,0,0,0,0,0,0,0,0,0,0,0,0,0,0,0,0,0,0,0,0,0,0,0,0,0,0
1/29/2020,0,0,0,0,0,0,0,0,0,0,0,0,0,0,0,0,0,0,0,0,0,0,0,0,0,0,0,0,0,0,0,0,0,0,0,0,0,0,0,0,0,0,0,0,0,0,0,0,0,0,0
1/30/2020,0,0,0,0,0,0,0,0,0,0,0,0,0,0,1,0,0,0,0,0,0,0,0,0,0,0,0,0,0,0,0,0,0,0,0,0,0,0,0,0,0,0,0,0,0,0,0,0,0,0,0
1/31/2020,0,0,0,0,0,0,0,0,0,0,0,0,0,0,0,0,0,0,0,1,0,0,0,0,0,0,0,0,0,0,0,0,0,0,0,0,0,0,0,0,0,0,0,0,0,0,0,0,0,0,0
2/1/2020,0,0,0,0,0,0,0,0,0,0,0,0,0,0,0,0,0,0,0,0,0,0,0,0,0,0,0,0,0,0,0,0,0,0,0,0,0,0,0,0,0,0,0,0,0,0,0,0,0,0,0
2/2/2020,0,0,0,0,0,0,0,0,0,0,0,0,0,0,0,0,0,0,0,0,0,0,0,0,0,0,0,0,0,0,0,0,0,0,0,0,0,0,0,0,0,0,0,0,0,0,0,0,0,0,0
2/3/2020,0,0,0,0,0,0,0,0,0,0,0,0,0,0,0,0,0,0,0,0,0,0,0,0,0,0,0,0,0,0,0,0,0,0,0,0,0,0,0,0,0,0,0,0,0,0,0,0,0,0,0
2/4/2020,0,0,0,0,0,0,0,0,0,0,0,0,0,0,0,0,0,0,0,0,0,0,0,0,0,0,0,0,0,0,0,0,0,0,0,0,0,0,0,0,0,0,0,0,0,0,0,0,0,0,0
2/5/2020,0,0,0,0,0,0,0,0,0,0,0,0,0,0,0,0,0,0,0,0,0,0,0,0,0,0,0,0,0,0,0,0,0,0,0,0,0,0,0,0,0,0,0,0,0,0,0,0,0,0,0
2/6/2020,0,0,0,0,0,0,0,0,0,0,0,0,0,0,0,0,0,0,0,0,0,0,0,0,0,0,0,0,0,0,0,0,0,0,0,0,1,0,0,0,0,0,0,0,0,0,0,0,0,0,0
2/7/2020,0,0,0,0,0,0,0,0,0,0,0,0,0,0,0,0,0,0,0,0,0,0,0,0,0,0,0,0,0,0,0,0,0,0,0,0,0,0,0,0,0,0,0,0,0,0,0,0,0,0,0
2/8/2020,0,0,0,0,0,0,0,0,0,0,0,0,0,0,0,0,0,0,0,0,0,0,0,0,0,0,0,0,0,0,0,0,0,0,0,0,0,0,0,0,0,0,0,0,0,0,0,0,0,0,0
2/9/2020,0,0,0,0,0,0,0,0,0,0,0,0,0,0,0,0,0,0,0,0,0,0,0,0,0,0,0,0,0,0,0,0,0,0,0,0,0,0,0,0,0,0,0,0,0,0,0,0,0,0,0
2/10/2020,0,0,0,0,0,0,0,0,0,0,0,0,0,0,0,0,0,0,0,0,0,0,0,0,0,0,0,0,0,0,0,0,0,0,0,0,0,0,0,0,0,0,0,0,0,0,0,0,0,0,0
2/11/2020,0,0,0,0,0,0,0,0,0,0,0,0,0,0,0,0,0,0,0,0,0,0,0,0,0,0,0,0,0,0,0,0,0,0,0,0,0,0,0,0,0,0,0,0,0,0,0,0,0,0,0
2/12/2020,0,0,0,0,0,0,0,0,0,0,0,0,0,0,0,0,0,0,0,0,0,0,0,0,0,0,0,0,0,0,0,0,0,0,0,0,0,0,0,0,0,0,0,0,0,0,0,0,0,0,0
2/13/2020,0,0,0,0,0,0,0,0,0,0,0,0,0,0,0,0,0,0,0,0,0,0,0,0,0,0,0,0,0,0,0,0,0,0,0,0,0,0,0,0,0,0,0,0,0,0,0,0,0,0,0
2/14/2020,0,0,0,0,0,0,0,0,0,0,0,0,0,0,0,0,0,0,0,0,0,0,0,0,0,0,0,0,0,0,0,0,0,0,0,0,0,0,0,0,0,0,0,0,0,0,0,0,0,0,0
2/15/2020,0,0,0,0,0,0,0,0,0,0,0,0,0,0,0,0,0,0,0,0,0,0,0,0,0,0,0,0,0,0,0,0,0,0,0,0,0,0,0,0,0,0,0,0,0,0,0,0,0,0,0
2/16/2020,0,0,0,0,0,0,0,0,0,0,0,0,0,0,0,0,0,0,0,0,0,0,0,0,0,0,0,0,0,0,0,0,0,0,0,0,2,0,0,0,0,0,0,0,0,0,0,0,0,0,0
2/17/2020,0,0,0,0,0,0,0,0,0,0,0,0,0,0,0,0,0,0,0,0,0,0,0,0,0,0,0,0,0,0,0,0,0,0,0,0,0,0,0,0,0,0,0,0,0,0,0,0,0,0,0
2/18/2020,0,0,0,0,0,0,0,0,0,0,0,0,0,0,0,0,0,0,0,0,0,0,0,0,0,0,0,0,0,0,0,0,0,0,0,0,1,0,0,0,0,0,0,0,0,0,0,0,0,0,0
2/19/2020,0,0,0,0,0,0,0,0,0,0,0,0,0,0,0,0,0,0,0,0,0,0,0,0,0,0,0,0,0,0,0,0,0,0,0,0,1,0,0,0,0,0,0,0,0,0,0,0,0,0,0
2/20/2020,0,0,0,0,0,0,0,0,0,0,0,0,0,0,0,0,0,0,0,0,0,0,0,0,0,0,0,0,0,0,0,0,0,0,0,0,3,0,0,0,0,0,0,0,0,0,0,0,0,0,0
2/21/2020,0,0,0,0,0,0,0,0,0,0,0,0,0,0,0,0,0,0,0,0,0,0,0,0,0,0,0,0,0,0,0,0,0,0,0,0,2,0,0,0,0,0,0,0,0,0,0,0,0,0,0
2/22/2020,0,0,0,0,0,0,0,0,0,0,0,0,0,0,0,0,0,0,0,0,0,0,0,0,0,0,0,0,0,0,0,0,0,0,0,0,0,0,0,0,0,0,0,0,0,0,0,0,0,0,0
2/23/2020,0,0,0,0,0,0,0,0,0,0,0,0,0,0,0,0,0,0,0,0,0,0,0,0,0,0,0,0,0,0,0,0,0,0,0,0,0,0,0,0,0,0,0,0,0,0,0,0,0,0,0
2/24/2020,0,0,0,0,0,0,0,0,0,0,0,0,0,0,0,0,0,0,0,0,0,0,0,0,0,0,0,0,0,0,0,0,0,0,0,0,4,0,0,0,0,0,0,0,0,0,0,0,0,0,0
2/25/2020,0,0,0,0,0,0,0,0,0,0,0,0,0,0,0,0,0,0,0,0,0,0,0,0,0,0,0,0,0,0,0,0,0,0,0,0,2,0,0,0,0,0,0,0,0,0,0,0,0,0,0
2/26/2020,0,0,0,0,0,0,0,0,0,0,0,0,0,0,0,0,0,0,0,0,0,0,0,0,0,0,0,0,0,0,0,0,0,0,0,0,3,0,0,0,0,0,0,0,0,0,0,0,0,0,0
2/27/2020,0,0,0,0,0,0,0,0,0,0,0,0,0,0,0,0,0,0,0,0,0,0,0,0,0,0,0,0,0,0,0,0,0,0,0,0,4,0,0,0,0,0,0,0,0,0,0,0,0,0,0
2/28/2020,0,0,0,0,0,0,0,0,0,0,2,0,0,0,0,0,0,0,0,0,0,0,0,0,0,0,0,0,0,0,0,0,0,0,0,0,5,1,0,0,0,0,0,0,0,0,0,6,0,0,0
2/29/2020,0,0,0,0,0,0,0,0,0,0,0,0,0,0,1,0,0,0,0,0,0,0,0,0,0,0,0,0,0,0,0,0,0,0,0,0,3,0,0,1,0,0,0,0,0,0,0,4,0,0,0
3/1/2020,0,0,0,0,0,0,0,0,0,1,1,0,0,0,1,0,0,0,0,0,0,0,0,0,0,0,0,1,0,0,1,0,0,0,1,0,8,2,0,0,0,0,0,0,0,0,0,7,0,0,0
3/2/2020,0,0,0,1,0,0,0,0,0,1,2,0,0,0,0,0,0,0,0,1,0,0,0,0,0,0,0,0,0,0,1,0,0,0,0,0,4,0,0,0,0,0,0,0,0,0,0,9,1,0,0
3/3/2020,0,0,0,0,0,0,0,0,0,0,2,0,0,0,0,0,0,0,0,0,0,0,0,0,1,0,0,0,0,0,0,0,0,0,1,0,6,0,0,1,0,0,0,0,0,0,0,12,0,0,0
3/4/2020,0,0,0,1,1,1,0,0,0,1,-5,1,0,0,1,0,0,0,0,0,3,0,0,0,0,0,0,0,0,0,0,2,0,1,12,0,10,0,0,0,1,0,1,0,0,0,0,31,0,0,0
3/5/2020,0,0,0,0,0,1,0,0,0,0,6,0,0,0,1,1,0,0,0,5,0,0,0,1,1,0,0,0,0,1,0,2,0,0,9,0,2,0,2,0,1,0,0,5,0,0,0,9,0,0,0
3/6/2020,0,0,0,2,0,6,0,0,0,3,3,0,0,0,0,0,0,1,0,2,0,0,0,0,0,0,0,0,0,1,0,2,0,1,7,0,16,4,2,0,3,0,0,0,0,0,0,23,0,0,0
3/7/2020,0,0,0,0,0,0,1,0,0,0,6,1,3,0,1,1,1,0,0,19,0,0,0,1,2,0,0,0,0,0,2,0,0,1,10,0,14,7,2,1,1,0,0,0,1,2,1,34,0,0,0
3/8/2020,0,0,0,1,1,4,0,0,0,13,9,0,5,0,4,1,0,0,0,0,6,0,0,0,1,0,0,1,0,2,0,2,0,1,102,0,19,0,4,1,0,0,0,7,0,3,0,26,0,0,0
3/9/2020,0,0,0,2,0,5,1,0,0,0,13,0,5,0,8,2,0,3,0,63,0,0,2,2,0,0,0,5,0,0,1,7,0,1,31,3,22,1,2,2,2,5,6,3,1,3,0,105,2,0,0
3/10/2020,0,0,1,1,1,17,1,1,1,7,16,0,1,0,8,4,0,0,0,4,3,0,0,1,2,0,1,0,0,1,0,8,3,2,44,0,22,4,4,8,5,3,2,3,1,7,0,99,2,0,0
3/11/2020,0,0,5,0,1,15,4,3,3,5,33,0,2,0,5,3,3,7,0,13,0,1,1,5,1,1,0,4,1,5,1,6,2,4,108,2,20,5,7,6,3,0,9,4,1,14,1,91,3,0,1
3/12/2020,1,1,3,1,0,0,0,1,1,0,27,2,0,0,0,0,2,0,0,1,0,0,10,4,7,0,0,4,0,0,0,1,0,0,37,0,49,0,6,0,3,1,8,0,2,0,0,111,1,0,0
3/13/2020,0,0,3,2,0,0,0,3,3,24,24,3,0,1,0,0,1,4,0,0,0,4,12,0,11,5,0,8,0,0,0,14,2,0,99,0,50,0,18,0,2,0,0,0,0,0,1,74,10,0,1
3/14/2020,0,21,4,1,1,95,19,0,0,81,52,3,6,4,61,7,1,5,2,55,25,9,28,40,11,4,6,9,0,8,7,54,10,5,208,32,52,15,16,1,13,0,13,34,15,22,1,66,8,0,1
3/15/2020,0,7,1,5,2,16,15,0,0,6,49,1,1,0,12,5,3,2,1,33,20,5,1,6,28,2,0,1,0,0,4,80,4,29,162,13,69,8,13,3,5,1,13,0,8,16,4,61,26,0,0
3/16/2020,2,10,7,0,3,23,27,8,8,53,43,5,6,0,55,6,5,4,1,21,28,13,11,17,45,22,4,7,4,3,9,89,2,10,1770,17,91,18,20,14,19,1,21,7,0,1,2,161,35,1,8
3/17/2020,3,12,13,9,4,33,28,10,10,104,95,6,9,5,128,9,5,9,3,38,22,12,15,12,55,16,1,22,2,6,13,160,5,8,1996,21,82,10,37,10,19,0,25,19,11,26,2,257,18,1,5
3/18/2020,3,27,27,17,4,61,63,4,4,94,115,17,6,13,134,17,14,8,3,72,42,8,254,26,70,30,3,35,12,0,5,315,7,32,2237,31,94,13,52,17,40,3,56,26,28,20,4,189,49,3,2
3/19/2020,3,28,36,19,6,86,35,9,9,117,122,10,1,8,163,23,9,5,4,85,0,4,215,0,101,0,6,40,7,11,11,148,8,14,1011,50,69,26,84,14,49,0,74,67,34,0,13,148,51,3,4
3/20/2020,2,25,18,41,3,112,29,6,6,196,86,10,23,11,168,47,11,39,6,112,41,14,238,22,77,60,6,47,2,4,10,437,14,45,2511,78,73,23,102,13,47,0,143,60,23,38,20,269,75,4,2
3/21/2020,8,26,46,48,5,116,104,11,11,231,155,20,22,5,296,75,9,16,9,121,98,23,248,99,75,109,7,71,2,8,13,587,8,36,4812,104,74,24,108,25,22,7,134,28,44,102,3,203,100,4,0
3/22/2020,14,39,33,101,3,129,88,31,31,204,221,14,15,4,236,58,18,21,5,131,0,16,293,26,172,71,3,42,2,2,23,930,18,55,6521,91,60,30,165,16,104,7,110,24,111,36,23,225,35,4,2
3/23/2020,6,46,33,73,9,201,203,17,17,232,182,9,19,20,250,106,16,39,12,382,61,9,463,25,200,57,11,101,5,1,7,831,17,33,4669,122,89,18,207,19,43,2,52,425,18,101,20,248,41,19,4
3/24/2020,17,144,76,75,13,165,257,15,15,488,281,17,21,52,330,112,0,35,27,679,231,29,503,59,221,108,17,106,8,11,29,727,12,43,6608,140,90,57,277,32,83,11,117,263,48,69,28,111,128,12,14
3/25/2020,10,145,43,107,7,344,137,24,24,491,303,17,34,66,673,168,70,50,10,579,194,8,562,53,248,94,25,132,13,9,21,2474,24,214,6011,163,100,50,560,39,32,5,173,419,56,144,33,627,122,25,11
3/26/2020,16,108,37,157,43,304,279,22,22,702,524,35,56,41,488,336,34,54,36,823,0,13,801,0,282,0,31,128,10,16,29,1949,55,86,6957,270,80,98,531,35,83,12,246,337,64,0,28,516,135,20,18
3/27/2020,17,81,23,108,12,327,233,49,49,823,225,28,63,31,465,251,59,92,18,1017,218,43,993,42,183,84,26,171,26,19,27,2299,17,117,7374,269,92,65,533,66,130,10,170,317,122,135,27,587,147,17,11
3/28/2020,12,110,34,146,18,246,469,18,18,891,243,31,38,49,1105,282,58,45,14,698,247,42,836,135,134,184,26,232,4,12,44,2262,29,182,5911,247,88,69,642,104,113,22,164,504,201,281,24,196,0,11,3
3/29/2020,5,117,61,238,14,320,578,32,32,721,389,22,88,105,461,272,49,41,34,797,421,50,1012,0,345,90,11,140,11,25,56,3250,44,124,7912,280,83,58,693,82,147,11,297,322,17,0,21,390,232,21,8
3/30/2020,14,52,56,132,21,339,557,55,55,1001,1012,31,73,110,937,373,60,111,54,868,0,0,1117,113,285,136,19,191,17,32,53,2060,34,69,7296,266,95,84,756,69,162,7,405,392,128,464,37,0,130,17,25
3/31/2020,10,107,54,124,0,376,429,49,49,1005,570,28,52,144,986,406,54,89,34,1118,325,41,1719,53,261,104,25,86,21,37,48,3559,48,166,10308,348,90,46,962,103,217,21,1,730,78,222,28,423,199,29,17
4/1/2020,4,164,65,185,31,386,267,25,25,1199,637,39,65,222,715,474,70,90,37,1228,346,32,1457,47,269,181,16,273,12,41,64,3335,40,179,5544,355,107,90,1211,65,255,36,605,669,153,306,17,364,180,26,13
4/2/2020,10,265,59,171,67,445,1091,57,57,1231,488,23,85,122,1209,418,68,61,60,1436,427,56,1879,0,226,0,18,236,14,30,61,4305,92,56,11714,410,110,73,1405,98,150,22,35,659,81,0,51,1283,186,20,16
4/3/2020,14,98,5,250,6,392,361,143,143,1248,422,15,87,64,1453,496,78,86,39,1334,367,24,1555,76,130,97,19,309,13,38,81,4229,48,228,9255,427,90,100,1596,136,222,25,223,788,182,395,72,625,196,45,21
4/4/2020,14,208,110,250,43,385,399,80,80,788,296,18,82,24,899,458,115,38,68,764,920,14,1493,121,103,283,19,183,21,44,48,3381,81,94,8187,304,50,69,1493,182,139,28,530,681,177,471,51,-618,155,42,13
4/5/2020,6,165,62,187,24,222,1231,110,110,1253,739,22,78,69,1006,533,32,53,35,1337,326,29,1503,83,293,177,20,285,18,45,46,3585,62,117,21665,407,58,64,1470,216,186,48,170,480,111,455,31,345,173,21,12
4/6/2020,22,191,78,119,31,257,875,145,145,1088,1562,21,102,40,1287,563,55,141,70,1365,1158,20,1749,85,218,88,12,351,12,66,32,3326,108,134,-2327,332,85,49,1579,260,202,32,336,988,88,312,32,1364,138,67,9
4/7/2020,13,302,78,151,68,226,1000,188,188,932,1130,9,97,22,1529,436,176,197,70,1365,656,18,1376,88,226,257,20,205,14,45,41,3021,71,231,10543,366,97,58,1680,274,139,73,223,1092,112,397,30,415,178,0,9
4/8/2020,9,339,56,292,50,547,1003,93,93,1089,613,11,125,121,1344,408,30,106,50,2374,783,23,1158,94,199,209,13,225,18,54,31,3590,124,138,7757,364,113,82,1989,285,251,54,273,877,145,467,23,511,129,111,9
4/9/2020,11,170,75,94,49,163,347,117,117,1125,934,20,118,43,1465,556,135,241,53,1904,0,23,1058,0,216,0,0,257,9,71,66,3561,102,128,13811,366,96,50,1752,395,266,89,228,1441,41,0,51,279,183,51,14
4/10/2020,11,254,32,281,68,528,1379,153,153,997,419,14,122,11,1293,528,38,147,51,3073,726,33,1291,178,91,173,12,404,15,56,44,3563,83,116,9574,372,128,76,1676,279,143,90,0,890,104,568,32,337,153,17,8
4/11/2020,15,321,73,146,42,410,525,146,146,892,157,4,77,51,1672,493,98,123,34,1557,1242,17,785,107,93,300,17,208,15,110,56,3699,71,136,8236,268,70,80,1177,290,116,104,445,923,132,670,16,187,120,20,9
4/12/2020,5,220,103,163,36,388,1346,136,136,1057,1086,6,123,28,1173,308,-1,85,44,1392,536,65,997,74,240,145,4,296,23,57,35,2734,100,135,6387,457,45,57,1366,184,123,138,302,422,54,424,21,127,87,15,103
4/13/2020,8,150,88,104,71,250,608,165,165,590,844,11,189,0,1222,291,101,162,129,1296,560,36,1366,114,198,273,6,208,10,30,71,4240,62,117,6753,305,108,49,1146,267,130,300,213,718,61,329,2,156,127,68,121
4/14/2020,8,288,85,156,63,339,766,88,88,881,686,11,96,101,1346,428,17,81,90,1755,752,36,1058,53,206,264,11,99,24,51,48,2206,77,123,9716,511,67,30,1145,317,95,0,13,868,184,389,9,89,166,24,-101
4/15/2020,7,163,52,272,69,302,1129,61,61,809,989,9,146,22,1140,587,94,138,53,2263,788,26,1204,151,200,169,7,342,28,114,72,4287,113,110,5153,623,90,73,1245,380,268,143,426,963,123,602,9,369,154,21,8
4/16/2020,9,168,67,273,95,465,925,248,248,1392,908,20,191,46,1842,612,172,93,57,2221,0,31,689,161,163,0,0,394,46,72,76,3150,114,203,7735,693,70,49,1707,291,158,100,68,916,45,562,11,293,170,36,11
4/17/2020,5,151,75,212,87,386,741,215,215,731,352,8,181,13,1585,487,51,185,54,1970,736,20,765,39,149,181,4,281,89,149,55,2969,87,102,9132,1115,92,59,1628,285,163,131,433,889,141,0,24,357,154,50,11
4/18/2020,5,223,4,210,0,201,412,207,207,801,505,4,389,4,1197,569,38,253,29,1705,1376,20,707,257,133,538,7,353,57,187,50,3865,47,102,4568,1380,89,66,1214,342,138,93,33,663,205,937,9,-12,147,38,3
4/19/2020,2,478,183,135,136,385,1853,0,0,731,843,2,257,64,1151,476,137,90,32,1566,509,8,576,97,253,204,4,271,42,174,55,3505,126,102,7442,1317,61,46,948,375,66,50,443,535,108,640,4,295,153,39,2
4/20/2020,8,244,298,187,60,349,545,455,455,798,612,6,482,30,1551,411,39,142,77,1556,582,13,967,154,221,0,2,187,17,74,44,3581,101,107,5220,806,157,46,1296,382,181,69,155,738,110,0,2,197,121,12,13
4/21/2020,6,163,19,208,86,457,2109,108,108,664,897,5,107,36,2049,341,186,181,127,1745,962,19,999,0,228,437,3,269,35,91,97,3478,138,144,2419,392,80,57,1156,390,145,104,178,873,171,1368,5,212,225,49,6
4/22/2020,2,240,184,310,115,357,631,134,134,1052,931,3,176,34,1826,601,271,108,67,3079,879,30,1325,464,225,281,2,388,30,311,82,4124,169,127,10525,577,87,68,1369,425,148,98,709,875,182,596,2,259,207,18,6
4/23/2020,2,-45,345,276,93,1002,821,0,0,864,681,2,521,34,2724,641,295,298,2,4946,0,28,1336,0,205,0,0,444,39,297,50,2207,142,190,3512,475,89,50,1599,408,175,84,461,862,60,772,2,224,304,29,20
4/24/2020,0,187,99,235,89,684,661,134,134,289,686,2,647,17,2119,715,279,126,43,2379,1150,25,557,261,118,284,1,571,55,311,67,3327,139,141,10350,418,102,76,1397,303,257,107,140,967,166,0,16,342,331,15,18
4/25/2020,2,414,32,246,59,482,687,586,586,684,271,1,383,10,2126,617,118,169,85,1590,1721,33,594,156,72,376,4,207,64,296,77,3515,66,63,5385,376,62,58,1116,286,151,65,816,858,266,1169,8,202,224,28,11
4/26/2020,4,-88,114,190,45,448,728,413,413,610,774,1,393,20,1980,949,154,72,11,1524,626,17,432,579,270,248,2,312,75,330,74,2150,97,88,4616,362,57,43,885,211,152,33,254,666,93,804,4,165,170,24,18
4/27/2020,6,408,66,232,54,440,315,80,80,696,582,4,508,35,2219,627,163,229,61,1840,736,16,1052,464,366,227,0,426,49,16,72,2669,151,122,2874,444,189,31,1214,345,110,68,135,874,116,622,7,156,208,18,16
4/28/2020,4,158,71,254,78,437,455,79,79,332,854,4,467,32,2253,594,247,164,44,1963,893,39,1137,491,307,0,0,380,42,410,44,2408,239,86,4234,534,148,61,1102,358,116,60,45,883,182,885,0,228,231,14,8
4/29/2020,0,201,63,446,95,507,933,0,0,1372,537,1,302,31,2563,653,500,169,60,1940,1730,28,980,0,263,643,2,561,34,497,92,2388,198,109,4391,724,98,64,1397,350,203,76,603,1033,148,1055,4,257,334,16,15
4/30/2020,9,-12,55,314,91,486,1064,184,184,1038,935,0,739,20,3137,795,211,171,65,2106,0,0,977,594,288,0,0,414,40,557,164,2552,102,220,4023,716,110,69,1208,290,159,76,1156,1142,75,0,13,310,460,26,7
5/1/2020,1,317,62,402,98,452,523,120,120,735,381,3,757,26,2450,665,297,0,-20,1952,1001,29,851,498,68,229,2,586,46,488,119,2531,219,84,4377,592,115,56,1334,194,199,63,770,1293,153,830,7,366,346,33,13
5/2/2020,3,277,59,276,44,414,25,170,170,506,284,1,528,0,2944,638,284,251,62,1824,1935,53,547,1010,68,436,2,155,38,333,89,3028,118,115,5112,579,41,45,962,174,141,43,582,1026,280,1761,11,182,304,11,7
5/3/2020,2,424,38,279,39,344,661,80,80,928,753,3,534,45,2391,574,215,115,52,1000,709,21,196,-4,210,330,0,184,34,424,70,1533,181,74,1218,560,35,79,825,275,121,37,328,784,145,0,5,277,272,29,10
5/4/2020,1,367,27,386,63,439,648,83,83,542,602,1,408,21,2122,526,213,577,51,1184,1046,28,447,617,270,215,-1,408,41,355,48,2334,107,103,2205,495,123,80,865,303,92,53,119,1037,124,764,4,132,330,18,8
5/5/2020,1,12,115,402,95,421,374,407,407,563,802,2,293,31,2270,837,276,112,-21,1754,0,0,657,728,183,2,0,502,57,333,104,1301,153,60,2874,607,94,77,888,323,94,58,248,1053,65,0,2,311,335,34,27
5/6/2020,2,552,54,238,92,580,789,333,333,826,821,0,655,20,2641,633,410,195,114,1696,2322,120,592,1509,140,666,3,639,48,419,103,1753,202,103,3047,555,71,73,1070,270,204,126,228,968,199,2086,8,326,314,21,4
5/7/2020,3,396,82,581,81,475,627,0,0,371,544,2,398,27,2887,643,357,159,19,1612,1049,0,680,0,131,288,-1,471,54,641,104,1834,180,118,2748,885,153,79,1323,229,233,239,346,1219,247,0,2,157,375,26,9
5/8/2020,1,284,237,434,93,523,573,336,336,802,307,1,214,25,2325,586,250,152,40,1410,1053,60,430,1183,113,123,0,492,39,403,64,1641,105,144,3889,681,112,92,1078,285,175,249,331,1251,193,854,3,286,349,24,9
5/9/2020,1,222,0,159,67,316,570,118,118,-113,876,2,288,0,1656,394,233,0,19,1050,786,23,382,0,65,173,0,404,27,81,60,1449,85,81,6041,384,55,68,1295,189,106,124,217,1009,83,1874,6,217,280,15,9
5/10/2020,2,268,59,261,25,103,211,176,176,1094,459,1,414,30,1266,501,132,237,22,669,688,5,414,528,179,234,1,281,27,257,89,1428,206,54,1377,696,35,58,543,175,139,97,562,1000,78,730,-1,231,199,7,7
5/11/2020,2,252,121,356,77,356,568,211,211,941,768,3,539,33,4014,500,0,176,39,870,751,53,469,1118,172,185,0,301,53,120,79,814,143,159,664,473,124,72,837,221,145,49,568,1179,153,946,1,208,193,9,6
5/12/2020,0,271,72,440,87,310,522,271,271,479,558,0,377,31,1677,346,352,227,34,1165,1091,0,370,0,247,390,3,470,76,383,60,830,152,83,1936,471,294,58,707,194,130,69,261,1355,127,1067,2,182,291,26,13
5/13/2020,4,402,112,498,98,361,609,150,150,808,326,0,386,27,3239,580,0,145,36,1685,1083,88,1191,1323,186,318,4,691,65,341,83,1162,139,94,2182,636,110,63,938,229,199,60,333,1448,162,859,4,261,373,30,13
5/14/2020,1,304,115,495,76,369,621,0,0,-270,613,2,374,38,2432,602,418,219,31,1239,982,45,497,0,184,322,0,622,49,356,82,1214,159,130,2505,597,98,62,986,236,244,95,268,1347,175,1011,0,178,410,13,15
5/15/2020,4,339,115,462,96,380,618,174,174,1871,562,1,279,30,2088,625,0,244,31,1512,836,39,425,1428,90,173,2,853,87,448,92,1190,185,33,8568,520,106,71,989,245,307,72,322,1801,154,705,-1,336,502,23,25
5/16/2020,4,-210,181,306,57,286,716,322,322,777,623,0,323,0,1734,498,0,0,12,1077,0,26,638,704,103,136,2,530,52,128,40,1252,91,210,-3936,449,60,11,623,122,158,28,121,785,139,752,8,146,356,20,13
5/17/2020,3,816,54,233,41,298,697,168,168,854,662,1,431,36,2294,477,454,247,72,1042,2742,28,773,657,208,272,0,511,31,277,56,1720,158,49,1278,349,31,64,1432,138,159,40,626,909,154,1005,0,178,144,12,12
5/18/2020,0,-211,110,396,32,304,314,157,157,502,772,1,267,21,1545,450,0,134,18,873,777,78,435,641,178,263,8,677,63,221,69,993,96,125,6965,680,105,39,270,208,134,58,370,1219,136,763,4,200,198,12,10
5/19/2020,3,924,80,331,102,353,587,192,192,527,780,4,246,30,2388,569,199,98,27,1045,1208,58,659,0,216,255,0,423,101,276,147,1413,125,136,1252,484,110,75,476,182,156,92,155,1411,213,1229,1,160,546,53,11
5/20/2020,0,347,455,418,106,369,191,143,143,1204,687,0,575,28,2268,662,0,119,21,1114,893,71,501,1335,258,402,1,738,134,303,67,1091,155,89,-3808,731,86,16,1846,168,229,73,427,945,173,813,5,146,454,36,14
5/21/2020,2,294,154,293,88,334,432,161,161,776,1031,1,334,61,2758,473,419,140,39,815,1071,0,403,840,207,381,0,758,88,237,79,1273,153,130,1998,627,97,47,725,203,277,106,437,1181,198,799,2,148,511,102,2
5/22/2020,4,447,163,431,78,482,382,0,0,676,979,0,394,31,2352,492,0,145,15,763,818,65,452,0,86,247,0,1107,48,327,75,390,170,295,7238,614,96,24,730,106,271,112,399,1060,152,495,2,320,481,24,10
5/23/2020,0,353,147,300,66,200,446,119,119,740,724,0,352,0,2508,475,0,0,7,1013,839,61,314,728,64,206,0,497,53,145,60,1055,148,90,-4015,503,41,39,473,84,204,95,360,839,169,1483,2,243,400,42,25
5/24/2020,1,516,107,222,21,89,405,258,258,879,532,0,327,58,1713,339,260,0,0,596,535,35,202,1387,75,273,0,742,39,221,48,942,83,102,6561,566,43,22,451,74,98,23,462,623,84,1615,6,237,307,11,5
5/25/2020,2,548,151,222,19,277,430,29,29,509,350,0,126,15,1178,363,0,380,11,422,736,0,223,504,257,313,0,176,-35,264,34,688,104,110,1233,529,69,18,780,154,335,67,358,589,74,907,5,116,279,72,7
5/26/2020,1,457,97,479,70,492,-15,75,75,379,709,2,654,32,1111,359,119,126,21,527,1286,80,504,0,262,328,6,488,17,357,55,881,122,115,1356,433,112,71,625,129,219,57,352,1361,157,1152,4,225,599,45,10
5/27/2020,13,467,261,501,89,126,271,65,65,-716,838,3,228,38,1527,631,0,107,18,675,1279,37,406,1067,201,418,8,784,42,285,100,578,112,112,1466,476,112,48,693,127,183,83,381,1855,322,1132,3,358,512,36,16
5/28/2020,5,593,239,702,95,492,203,186,186,1196,626,3,371,34,1622,490,382,280,26,617,1027,56,607,0,210,440,12,1076,39,393,106,1673,129,125,-4137,651,132,45,680,174,319,73,414,1230,292,1078,1,307,733,37,15
5/29/2020,4,327,236,790,88,485,260,76,76,915,738,0,288,36,1462,653,0,240,19,789,763,43,263,1319,298,271,0,1185,34,251,53,773,131,145,1479,468,118,54,511,109,407,94,484,1332,259,996,2,278,523,17,7
5/30/2020,26,596,240,681,57,280,179,108,108,735,729,0,308,0,1343,363,0,0,6,664,549,24,513,358,176,251,10,916,23,196,106,838,65,115,6220,479,92,58,356,75,358,33,439,1949,256,791,4,353,173,21,5
5/31/2020,7,193,190,187,38,199,539,79,79,651,889,1,146,67,974,256,292,342,10,3840,848,28,135,0,267,269,8,674,48,244,34,486,111,78,-4245,471,66,59,612,95,265,41,550,593,157,841,2,275,140,18,7
6/1/2020,20,333,375,1127,35,211,239,27,27,586,578,1,317,27,1614,407,0,139,34,358,807,41,199,300,217,301,2,626,21,266,64,658,224,142,6447,429,190,33,511,97,266,33,834,1688,252,666,5,180,374,28,2
6/2/2020,18,80,249,973,75,272,112,34,34,1292,723,1,93,57,982,475,159,225,35,429,876,0,304,362,218,238,14,888,33,255,46,541,116,121,-4205,379,157,64,537,100,242,95,447,1703,384,951,2,327,483,21,3
6/3/2020,8,231,358,530,61,300,148,27,27,1408,942,6,696,64,929,384,0,295,13,471,912,28,206,403,236,0,0,1190,27,251,81,478,213,139,1027,490,188,75,443,107,428,85,299,1649,278,676,35,245,492,25,6
6/4/2020,11,314,226,1579,63,255,221,72,72,1292,799,8,342,57,1156,482,223,272,29,494,712,36,5298,1228,230,209,1,1289,39,262,77,825,319,195,1051,476,174,96,701,98,497,30,401,1693,237,865,2,264,357,17,12
6/5/2020,12,658,450,1119,74,233,358,97,97,1253,583,1,332,28,975,419,0,310,13,575,491,88,444,385,89,501,0,1370,71,164,66,566,128,175,6225,353,232,92,506,66,522,90,558,1940,687,1284,18,429,322,17,6
6/6/2020,8,446,325,1438,67,153,150,30,30,1170,524,1,110,0,867,400,0,0,11,304,431,0,430,338,54,498,8,921,45,91,24,279,140,189,767,365,143,146,351,49,381,71,313,1425,178,570,18,307,264,8,8
6/7/2020,19,930,314,789,27,182,124,48,48,962,648,6,400,50,1382,226,257,189,8,190,500,18,288,299,304,0,0,938,19,118,36,348,122,156,648,361,155,114,493,45,542,33,568,638,312,487,12,312,203,17,13
6/8/2020,10,-8,340,618,44,164,87,36,36,1070,808,4,249,31,797,410,0,232,13,263,561,18,297,346,267,715,6,676,21,131,53,316,43,225,768,325,289,66,410,65,455,52,630,1637,275,439,9,313,270,18,10
6/9/2020,20,578,288,1556,79,152,168,51,51,1331,804,6,366,40,625,304,162,175,11,267,732,61,184,447,297,0,7,1011,40,142,46,566,145,134,631,413,280,72,467,101,496,81,302,2504,344,470,10,288,285,14,10
6/10/2020,17,845,448,1412,105,148,114,66,66,1677,1101,15,370,42,766,411,0,62,19,511,416,0,267,0,516,0,12,1310,39,290,31,495,117,253,777,429,419,177,686,88,686,61,477,1826,381,564,15,137,333,24,29
6/11/2020,15,865,731,1654,62,175,228,56,56,1885,963,17,375,51,732,398,235,221,9,392,692,54,223,479,308,865,15,1768,36,198,42,367,159,261,-4307,420,354,140,463,78,872,77,588,2097,360,658,10,392,2796,32,18
6/12/2020,29,1658,548,1540,46,195,305,35,35,2248,1043,5,369,46,673,397,0,279,8,336,396,36,164,377,155,0,0,1429,42,120,48,454,95,286,853,424,386,158,0,48,836,91,415,2331,395,637,6,367,309,25,23
6/13/2020,7,919,406,1233,74,113,94,76,76,2061,852,8,209,0,672,366,0,0,10,208,331,53,218,521,105,451,21,1444,22,92,19,286,102,209,593,300,288,101,659,32,763,65,891,1843,285,380,2,296,264,16,10
6/14/2020,3,426,416,1014,26,169,147,63,63,1738,851,3,151,63,473,521,372,202,4,87,377,9,31,189,430,353,3,983,21,126,27,244,122,124,682,428,272,184,362,75,615,30,728,1254,357,445,1,324,185,32,19
6/15/2020,12,199,274,2392,32,143,114,41,41,2740,870,5,102,78,623,356,0,182,24,195,560,0,184,414,458,489,18,751,23,180,19,353,88,361,5755,434,534,278,335,51,576,38,670,4098,315,444,2,373,309,19,10
6/16/2020,20,415,415,1827,87,231,80,56,56,2548,1094,18,282,92,546,227,262,166,20,266,260,17,228,0,424,0,0,1002,42,195,72,301,132,202,501,412,551,120,418,51,592,84,313,3129,398,463,-1,253,290,35,25
6/17/2020,12,887,322,2519,82,228,11,111,111,3178,1023,26,393,111,593,425,0,202,0,271,319,42,301,379,558,0,36,1335,27,189,14,425,88,234,655,700,528,148,526,69,990,59,686,3516,660,555,6,408,463,42,30
6/18/2020,15,803,703,3246,70,286,117,0,0,3789,1267,12,421,128,831,308,378,257,22,228,408,60,299,792,422,0,32,1655,33,176,0,418,107,421,685,609,535,206,504,59,1074,49,1188,3454,627,650,9,409,310,50,29
6/19/2020,20,532,511,3109,64,162,158,164,164,4027,1814,10,221,135,634,315,0,176,20,286,350,0,448,453,208,0,18,1549,25,116,68,355,170,645,883,531,504,178,464,35,1174,67,429,4430,574,551,3,624,442,32,6
6/20/2020,12,472,419,2592,71,190,40,47,47,3469,885,4,461,0,658,362,0,120,1,125,297,19,166,307,174,0,1,1412,37,103,26,321,135,274,524,546,373,187,456,31,903,72,656,3866,425,471,12,455,293,43,18
6/21/2020,6,456,522,2196,20,166,27,25,25,2908,1271,3,94,248,462,210,406,89,12,149,404,14,246,242,618,1646,17,805,25,147,14,305,129,330,589,729,272,146,0,59,1009,29,451,3280,310,529,4,190,251,28,33
6/22/2020,17,757,595,3593,65,188,117,42,42,3256,1860,13,321,148,601,238,0,302,17,229,330,23,240,294,577,611,32,854,7,135,13,38,144,464,568,590,607,191,1005,78,913,27,750,5489,525,520,1,516,289,22,24
6/23/2020,14,852,697,1795,52,262,14,91,91,5440,1835,15,333,243,715,269,505,222,18,172,440,77,358,0,618,526,37,1724,42,129,27,339,152,364,616,632,572,170,579,46,1298,66,932,5551,525,432,20,483,466,36,28
6/24/2020,24,1146,687,3056,101,324,81,37,37,4981,1743,16,552,220,894,515,0,254,12,226,338,-1,434,853,583,1092,26,1024,31,125,40,493,202,493,782,892,592,124,600,48,1143,60,799,5996,631,624,7,498,512,65,44
6/25/2020,20,988,678,3428,79,317,65,90,90,8850,2076,6,428,283,910,485,568,242,26,233,335,32,340,0,576,1015,23,1649,28,178,0,412,216,387,749,987,661,250,621,61,1289,56,1410,5707,665,677,7,488,563,36,42
6/26/2020,18,885,570,3593,60,226,147,146,146,9518,1952,26,327,171,786,435,0,308,0,373,327,89,350,933,360,361,0,1720,37,251,33,311,211,1104,687,817,583,276,505,37,1602,91,728,5742,505,489,2,549,559,52,24
6/27/2020,29,1245,508,3857,33,285,97,163,163,8475,2186,2,477,0,646,355,0,65,9,224,477,30,267,-3,253,675,67,1605,37,124,76,325,190,821,522,854,382,247,492,16,1442,55,0,5357,464,453,2,348,480,50,25
6/28/2020,21,853,439,625,31,204,59,-40,-40,5238,2105,18,293,433,738,298,905,115,0,101,305,31,277,315,882,680,48,1349,44,143,13,133,173,734,417,737,429,144,618,42,1330,35,2125,4288,813,598,6,501,326,38,33
6/29/2020,36,861,520,4682,44,204,152,134,134,5976,1976,7,165,365,724,366,0,277,22,114,359,42,505,855,863,653,51,1196,37,135,22,433,165,553,627,743,834,171,636,38,1982,48,1212,6975,483,0,0,571,629,35,37
6/30/2020,38,917,420,4877,110,314,58,229,229,6507,3011,20,511,253,828,358,547,218,17,261,505,34,361,494,943,870,65,1862,39,133,20,301,129,644,688,1076,832,275,832,73,1635,62,1806,8076,640,416,2,611,563,74,27
7/1/2020,39,1130,878,3333,73,323,74,-8,-8,10015,3545,28,751,223,0,435,0,237,17,195,538,0,589,414,948,0,40,1639,42,142,20,477,244,636,887,1301,857,363,667,60,2256,67,1575,7915,535,532,17,716,584,74,36
7/2/2020,46,1754,547,4433,100,260,71,192,192,9415,2811,24,221,401,1806,528,929,297,23,290,380,69,0,0,632,1904,5,2102,65,208,0,418,256,982,806,1091,775,342,634,27,1538,85,1822,7555,650,658,11,627,622,73,32
7/3/2020,48,997,587,2695,50,254,0,205,205,11372,2728,25,631,376,862,517,0,0,0,210,291,0,903,512,322,226,39,1419,57,167,35,304,287,857,652,926,590,294,479,32,1837,50,1428,8258,431,1355,0,469,776,79,24
7/4/2020,27,2047,605,3536,18,199,0,220,220,9986,2120,7,292,363,639,576,0,0,10,136,272,26,360,433,338,357,82,1330,37,102,40,392,193,843,501,968,436,300,450,25,1463,35,1291,3449,498,354,13,651,533,130,28
7/5/2020,28,0,439,3352,6,192,259,121,121,6300,1642,41,304,319,614,323,982,776,8,163,492,17,328,564,1173,0,0,1563,33,117,17,245,251,491,583,805,495,165,995,48,1497,42,724,5318,504,638,0,1087,490,107,41
7/6/2020,18,912,259,3653,151,407,57,56,56,7218,3466,22,372,487,587,295,0,367,23,201,465,20,631,0,1238,957,122,1367,49,155,18,322,220,883,514,948,1167,210,849,50,930,58,1359,10028,702,635,3,435,535,63,36
7/7/2020,42,1170,734,3520,74,452,75,85,85,9882,3495,34,480,430,980,437,717,400,20,264,586,26,651,1003,1346,1377,95,1449,73,224,20,202,290,567,794,1277,1040,214,719,65,1544,79,2472,9979,774,613,2,521,645,202,29
7/8/2020,46,2214,806,4057,149,409,101,141,141,8891,2838,27,734,459,1018,512,0,326,16,295,463,13,512,631,1205,1031,103,2059,99,198,21,282,234,552,626,1150,1015,369,1009,48,1963,94,1605,9782,574,943,16,640,800,119,34
7/9/2020,51,1341,751,4221,140,666,78,106,106,11343,4623,41,653,500,1327,725,993,425,25,213,557,0,622,804,1120,0,24,2007,84,154,18,394,298,1005,765,1525,955,266,813,65,1867,65,1955,9765,909,851,11,637,889,157,16
7/10/2020,62,1401,1061,3038,94,400,0,121,121,10274,3201,20,751,577,1195,779,0,451,23,288,642,40,685,0,647,1665,84,2467,89,221,33,370,224,718,751,1358,900,397,577,33,2255,53,1460,10351,642,888,0,0,981,163,49
7/11/2020,94,1640,503,2537,72,322,0,-99,-99,15135,2571,20,524,397,954,533,0,268,13,199,418,19,406,1201,443,393,164,1909,91,174,30,373,255,1032,613,1378,512,319,476,40,1907,45,954,8196,572,972,13,1438,797,98,23
7/12/2020,60,2003,572,1357,23,329,223,90,90,12548,3790,22,358,500,883,425,1447,264,7,230,733,8,422,398,1326,862,2,1846,108,227,14,286,263,850,577,1261,460,268,929,68,1504,25,3314,5655,545,801,5,1101,505,69,41
7/13/2020,40,1718,794,4273,47,444,20,81,81,9122,3573,28,321,316,707,648,0,570,22,303,756,12,666,0,1368,0,109,1991,123,318,23,444,223,1088,966,1142,1102,367,994,50,2203,48,1514,7261,474,1084,4,547,967,94,48
7/14/2020,52,1805,564,3257,140,469,106,64,64,10087,4102,19,444,727,1187,685,875,454,16,217,648,20,1049,1177,1196,2256,266,1816,103,262,22,410,327,841,859,1316,1036,276,781,95,1859,80,2273,10791,468,904,13,742,848,150,34
7/15/2020,62,2030,817,3259,118,571,114,223,223,13764,3676,23,838,688,1257,710,0,406,24,234,707,38,926,666,1061,1030,124,2191,124,155,26,271,297,1447,718,1290,1004,428,1032,85,1989,42,2479,10291,923,1002,7,1267,942,100,41
7/16/2020,40,2010,648,3910,130,618,143,92,92,11362,4233,19,590,619,1427,733,1032,522,24,298,835,8,754,457,1026,1,24,2082,115,227,26,95,318,1383,740,1679,827,293,763,98,2062,95,2279,14916,805,940,9,754,929,126,43
7/17/2020,62,2081,771,2742,120,444,0,0,0,10199,4743,28,319,550,1276,841,0,579,0,359,925,2,745,734,644,1810,105,2486,112,120,23,287,280,1186,638,1542,917,347,786,75,1551,73,2517,10158,653,1057,4,959,1031,139,39
7/18/2020,79,1777,695,2359,90,354,0,90,90,12411,3193,12,682,571,965,917,0,977,34,296,554,65,530,0,497,1250,62,1820,107,102,15,-10,235,1288,523,1110,487,430,711,61,2354,44,1779,7300,637,945,12,920,849,120,18
7/19/2020,75,1939,699,1559,9,424,162,227,227,10287,2766,24,501,393,1173,635,1369,253,29,255,860,0,527,1253,1426,1635,88,1291,81,264,46,241,244,948,235,1236,368,268,1027,64,1459,37,1639,7404,402,996,10,797,727,100,61
7/20/2020,92,1476,738,3500,61,493,41,46,46,9345,3732,17,249,556,955,710,0,646,36,244,627,11,664,504,1216,1547,91,1863,160,343,13,347,302,816,1115,1047,1088,292,631,91,1972,76,2190,9305,564,1022,6,832,1161,57,51
7/21/2020,91,1460,581,1926,115,639,127,132,132,9676,3547,54,527,500,1598,757,770,480,62,287,664,15,671,760,1166,982,197,2191,126,296,33,445,311,1136,715,1527,811,255,962,86,1756,58,2473,9879,606,844,0,672,747,262,50
7/22/2020,60,2458,1013,2335,157,616,9,0,0,10171,4532,58,635,414,1624,929,0,607,16,327,930,21,701,769,1209,1610,128,1945,121,332,23,286,335,1263,580,1444,885,319,1213,108,1715,66,2570,9507,635,1127,11,762,1086,89,59
7/23/2020,57,1792,990,3357,159,666,544,278,278,12379,5023,70,636,528,1599,996,1005,784,29,338,1288,-1,641,801,1114,1434,210,2145,122,356,57,499,312,0,922,1560,692,391,1054,119,1920,57,2091,8701,792,1245,8,815,1058,145,58
7/24/2020,89,1994,732,3740,151,809,0,-27,-27,12115,3822,64,400,563,1426,922,0,833,0,289,694,57,550,0,530,1207,95,2114,140,221,40,547,313,1897,500,1438,712,388,800,105,1589,105,1718,6020,383,958,11,1025,988,126,41
7/25/2020,186,1164,642,1973,79,547,0,231,231,9259,2740,28,528,350,1541,852,0,315,48,363,1128,18,1039,1512,415,0,39,1645,110,223,21,534,254,1030,529,889,386,266,839,54,1203,90,3140,5810,438,1505,4,786,965,139,29
7/26/2020,98,1976,824,1813,29,229,207,70,70,8854,3077,47,355,517,1231,535,1063,522,23,289,648,6,512,478,1344,653,0,1685,155,271,5,493,460,988,743,1104,361,330,1120,135,1217,49,2553,4267,413,922,2,686,601,94,45
7/27/2020,107,1260,734,2107,73,749,94,126,126,9169,4399,110,228,528,1076,771,0,525,26,256,761,28,785,666,1151,2847,286,1805,86,268,59,538,289,1096,645,1320,846,328,834,94,1635,48,2555,8342,422,999,3,884,783,119,69
7/28/2020,68,1252,787,2339,197,482,463,87,87,9384,3567,123,498,457,1393,621,698,601,71,502,892,22,1016,745,1245,1775,113,1826,74,265,13,506,345,870,730,1396,720,305,860,152,1739,149,1778,9042,605,911,1,790,924,153,39
7/29/2020,81,2124,791,2525,194,408,130,0,0,9854,4183,122,759,567,1772,954,0,659,42,414,1169,22,807,772,1072,0,174,2411,168,344,31,240,252,1149,751,1733,670,410,970,94,1745,44,2049,8800,316,984,1,808,1091,96,58
7/30/2020,112,1961,752,3212,96,605,140,188,188,8925,4308,87,543,475,1980,901,942,765,24,514,1019,27,793,724,1014,2302,11,2018,133,445,39,747,212,1142,673,1533,631,362,888,86,1518,79,3088,8839,539,913,7,0,855,220,40
7/31/2020,146,1482,662,3012,219,458,0,0,0,9591,3732,45,399,393,1639,968,0,572,0,428,909,21,758,759,550,0,116,1753,58,180,30,405,196,994,640,928,640,324,0,83,1619,103,2225,9539,583,981,7,1738,1124,93,43
8/1/2020,144,2095,637,1445,132,449,0,72,72,7047,3162,207,511,230,1467,735,0,462,58,418,870,12,429,0,547,1244,112,1362,125,311,21,350,220,1131,457,944,400,280,654,53,1203,88,1443,6226,379,1324,5,631,932,119,39
8/2/2020,61,1217,787,1030,32,252,252,106,106,4758,2538,143,353,331,1298,576,1064,323,17,199,710,5,613,1215,1449,1074,121,1388,148,254,26,311,114,985,622,932,375,269,565,141,1138,65,1009,5303,394,1145,0,543,411,119,40
8/3/2020,53,1186,784,1008,113,426,48,241,241,5347,2742,171,200,559,1471,822,0,689,27,546,572,17,801,617,1263,0,115,1694,124,222,33,391,210,1001,779,1143,882,333,854,101,1273,59,1805,9167,391,798,5,664,770,78,36
8/4/2020,55,972,912,1698,202,594,115,69,69,5408,3888,149,614,473,1759,720,841,544,45,440,579,5,718,861,1219,1245,164,1185,120,311,26,403,226,645,621,1199,690,279,705,116,1290,89,1657,8706,552,818,5,705,939,108,39
8/5/2020,35,1773,735,1444,166,448,20,0,0,7587,3364,201,703,692,1953,1040,0,513,50,231,801,18,763,545,1140,956,151,2049,150,332,23,417,207,851,771,1166,710,247,807,113,1546,105,2252,7598,510,2015,9,833,875,118,35
8/6/2020,52,1892,1011,1406,142,457,75,137,137,7653,4207,229,503,523,2103,1239,921,542,61,417,775,11,814,916,1095,2246,144,1582,181,283,37,405,192,838,614,1204,673,411,758,92,1376,98,2432,7039,461,1307,3,670,1043,156,42
8/7/2020,77,1869,772,1054,178,431,0,73,73,8425,4422,151,421,573,2190,1033,0,962,0,420,922,16,721,797,679,0,64,1987,88,141,39,391,150,887,697,1294,630,374,813,89,1239,106,1803,6959,23,897,11,936,1185,130,13
8/8/2020,98,981,572,816,104,336,0,59,59,6190,3162,140,503,176,1382,1041,0,224,56,329,755,9,535,618,467,527,65,1626,117,187,13,364,200,812,515,879,425,262,760,35,1082,128,2127,4879,624,664,3,549,622,131,37
8/9/2020,64,1686,645,600,66,379,247,0,0,4152,2676,120,285,429,1319,664,1092,272,24,275,585,-1,580,323,1528,476,0,512,172,264,9,304,129,742,475,883,341,216,601,112,813,58,1202,4455,292,996,0,575,521,60,-8
8/10/2020,46,831,383,1214,109,402,117,65,65,5793,3754,199,255,495,1549,870,0,539,26,392,541,19,907,0,1356,644,272,1131,85,334,21,474,199,547,763,1095,856,286,828,93,1067,50,1001,9803,393,775,16,504,767,121,31
8/11/2020,60,935,703,706,180,315,22,268,268,8059,3767,353,477,538,1645,660,817,1152,48,229,776,20,476,457,1403,1081,114,1308,201,214,26,518,173,525,742,1422,875,248,849,101,747,102,1478,6200,323,1102,0,551,531,133,13
8/12/2020,82,771,652,1351,160,373,76,0,0,6192,2816,232,530,498,1834,1043,0,741,41,319,715,26,1167,1427,1190,612,136,1978,151,416,34,692,171,586,626,1178,776,278,991,88,1053,82,2118,6755,433,1215,6,637,968,143,33
8/13/2020,110,752,626,927,188,409,115,429,429,6105,3340,283,599,542,2296,1067,1338,612,28,1826,818,29,868,690,1156,944,2,1210,122,328,43,615,173,1099,360,1131,599,313,829,92,1193,127,1947,7018,473,915,17,800,1059,123,64
8/14/2020,83,1271,-400,933,151,300,0,55,55,6291,3336,219,858,304,1828,1044,0,632,0,-882,519,24,1058,749,671,825,118,1662,143,253,16,37,142,859,1071,1117,870,405,850,98,1222,94,1289,8245,314,938,8,746,866,183,44
8/15/2020,103,853,673,883,77,338,0,85,85,3747,1889,174,640,183,1562,739,0,385,77,394,503,29,477,554,556,381,120,1400,60,131,8,316,106,697,523,613,381,726,660,67,579,156,1961,6204,306,730,6,576,699,107,59
8/16/2020,50,571,412,468,18,194,370,0,0,2649,1957,134,396,282,1773,591,1282,376,19,249,520,16,490,0,1602,1071,68,431,135,191,16,360,92,660,361,775,324,-293,384,84,506,86,1036,7908,239,862,12,260,469,68,45
8/17/2020,62,1357,410,915,100,261,-12,107,107,3787,3226,261,140,384,1740,841,0,608,28,221,414,22,654,345,1306,0,0,1336,186,262,13,382,79,683,627,861,824,225,735,85,805,83,1034,7282,298,736,3,543,709,99,32
8/18/2020,67,1117,729,637,181,270,59,75,75,4080,2512,235,311,370,2295,489,723,627,55,352,580,18,688,1247,1401,2242,109,1218,274,215,19,371,170,394,661,958,705,194,570,87,810,123,2022,7024,475,863,3,425,710,70,67
8/19/2020,82,971,549,723,163,329,118,52,52,4516,2939,230,1253,424,1832,941,0,700,28,313,670,32,527,825,1366,0,258,2050,232,308,14,135,202,556,529,1122,817,295,791,157,959,125,1375,5303,501,978,4,700,759,181,38
8/20/2020,68,1183,887,619,135,356,87,61,61,4616,3369,280,473,249,2293,1040,966,639,50,431,624,31,0,0,1216,1819,2,2075,262,278,21,330,144,893,640,1043,716,256,693,144,1107,193,1669,5021,327,1212,4,390,858,84,56
8/21/2020,89,900,547,996,167,297,0,64,64,4260,2755,247,729,293,2356,1000,0,801,0,109,579,19,1426,1451,615,626,160,1781,140,154,21,445,207,637,681,1119,651,289,796,95,1025,251,1239,5559,328,0,12,816,975,119,19
8/22/2020,64,1460,375,208,146,250,0,47,47,3004,1812,169,540,191,1893,615,0,463,59,0,567,21,764,714,540,511,114,1490,124,109,15,290,94,532,477,637,394,227,619,54,736,141,1854,4398,312,1558,4,417,479,87,36
8/23/2020,69,718,320,311,18,208,492,20,20,2224,2441,215,356,217,1612,1660,1545,370,18,571,377,13,878,409,1712,0,133,1389,229,158,27,278,73,409,450,849,370,218,426,82,590,149,667,2847,325,1006,9,359,414,40,24
8/24/2020,33,530,480,859,105,459,29,24,24,2665,2494,275,663,395,1680,829,0,669,33,349,440,21,951,529,1514,801,162,1446,238,301,16,347,66,405,585,844,895,236,561,92,1031,80,813,6346,460,822,6,334,687,83,31
8/25/2020,52,2014,649,186,150,194,180,-10,-10,2937,2603,306,921,315,2157,938,1536,662,54,315,577,26,843,1154,1650,1489,0,1342,333,379,9,337,197,258,538,1089,1152,180,501,125,649,66,1936,5407,357,1121,5,456,786,145,50
8/26/2020,80,1769,722,680,143,349,130,0,0,3229,2819,263,3269,342,1707,1145,0,748,23,365,601,21,863,850,1469,599,144,2177,310,374,35,349,188,553,787,1244,1115,190,620,75,1121,623,1826,5600,297,1013,9,542,912,93,38
8/27/2020,117,1162,838,519,140,430,145,373,373,3732,2678,310,1344,262,2434,809,1111,779,30,438,630,-1,793,0,1399,0,134,1479,374,335,22,403,122,624,621,1296,824,293,835,68,1177,323,1636,4031,537,1217,3,598,864,191,41
8/28/2020,90,1704,795,629,144,268,0,107,107,3132,2554,200,371,293,1880,1121,0,820,0,421,497,53,839,1974,738,735,188,1723,0,317,30,372,136,602,599,1216,765,239,843,59,1526,425,1465,4762,441,938,27,578,862,143,21
8/29/2020,44,1346,478,374,71,182,0,-113,-113,2547,1361,130,1009,190,1992,879,0,455,27,174,458,37,551,650,604,921,89,1952,332,293,8,314,105,447,635,922,445,261,670,45,909,380,835,3824,363,847,8,441,570,143,36
8/30/2020,37,823,368,174,28,201,384,192,192,1876,1720,179,615,221,1668,883,1564,364,19,301,614,22,499,0,1903,634,153,1287,184,241,21,400,69,320,683,895,497,159,521,86,947,187,1818,2615,284,1021,5,315,268,140,22
8/31/2020,35,1558,273,507,85,351,127,0,0,7487,2512,339,625,280,1492,695,0,789,54,686,456,0,795,1221,1666,0,196,2209,267,287,22,373,108,400,699,1453,942,233,770,69,787,240,1396,4364,358,927,5,304,1036,257,24
9/1/2020,66,623,615,519,145,244,102,118,118,2310,2386,208,818,296,2128,859,1328,806,0,288,693,69,648,0,1786,1532,178,1216,362,421,12,346,152,238,769,1157,1113,129,816,96,829,254,1502,4334,453,1126,-4,438,578,135,45
9/2/2020,102,1046,1392,1092,164,268,101,99,99,3487,2973,267,885,263,1360,1104,0,894,17,420,819,15,774,1881,1627,0,133,1716,344,474,38,422,200,352,806,1345,1134,261,1160,82,1456,334,1715,3680,458,1111,2,479,740,203,28
9/3/2020,120,1108,1174,728,163,368,156,140,140,3147,2298,219,1105,269,5594,1030,1280,792,14,219,776,35,1053,0,1505,823,19,2121,361,192,21,508,90,489,842,1332,995,265,891,80,1574,259,1051,5482,585,948,10,479,1542,192,50
9/4/2020,93,1410,548,835,153,334,0,151,151,3593,2270,161,991,281,2806,1077,0,0,0,438,512,15,896,1621,742,949,145,1586,297,144,56,367,146,390,522,1341,915,255,963,37,1148,293,1765,4486,360,1199,5,501,999,252,17
9/5/2020,86,511,706,250,66,285,0,206,206,2513,1679,104,763,190,1403,843,0,1097,58,370,764,19,0,638,589,242,100,1099,170,81,23,339,59,508,728,773,580,188,691,62,670,220,1764,2995,341,645,1,399,890,123,26
9/6/2020,33,1290,348,198,17,213,0,59,59,1812,798,66,393,74,1381,590,1694,290,12,319,356,12,1212,383,721,249,115,1039,71,89,29,364,37,357,528,0,561,146,547,27,678,191,983,2060,396,836,3,310,575,163,0
9/7/2020,35,2,477,81,32,187,417,0,0,1797,1744,100,462,240,1392,386,0,255,13,168,336,21,499,260,2354,426,2,833,238,502,18,346,37,130,537,1434,637,165,496,72,450,103,645,1421,275,882,3,0,749,86,71
9/8/2020,63,811,498,496,83,246,89,0,0,2006,2192,167,400,329,1337,705,496,658,22,182,503,27,961,381,2117,517,278,969,333,440,23,389,87,155,844,973,1354,116,931,105,436,168,833,4000,383,1240,7,464,913,147,48
9/9/2020,124,1148,548,461,137,265,222,158,158,2537,2214,167,1010,307,1953,758,0,795,21,363,646,31,983,0,1729,853,4,1307,241,456,56,475,161,288,622,1121,1054,183,587,113,1018,263,1650,4018,501,1115,0,458,1592,209,49
9/10/2020,93,1138,1180,521,111,307,233,93,93,3604,2116,127,795,333,2312,1262,976,932,41,443,809,42,1405,467,1625,445,262,1610,467,468,47,530,134,260,1381,1240,1152,211,1008,103,1164,283,1622,3547,609,1296,20,544,1443,157,64
9/11/2020,103,943,727,605,162,415,0,290,290,3168,2205,114,627,217,2121,1056,0,711,0,435,577,29,807,1595,781,254,0,1478,426,267,32,476,98,398,543,1242,939,291,920,99,1143,320,1032,4233,692,874,-4,465,1430,347,33
9/12/2020,62,1109,509,384,78,417,0,88,88,2395,1478,80,809,112,1462,1243,0,530,33,267,536,0,0,638,663,144,96,1220,254,80,44,331,100,317,904,837,610,181,969,56,599,201,933,1845,542,757,7,350,1624,178,49
9/13/2020,75,704,408,213,56,375,569,184,184,1718,1384,65,429,253,1373,736,1513,337,17,235,599,55,1229,402,2218,505,86,948,233,454,18,388,81,277,662,1079,645,147,289,93,605,163,2450,3970,538,943,18,312,818,121,46
9/14/2020,42,701,730,484,66,400,136,16,16,2743,1848,98,454,278,1466,689,0,718,26,286,643,23,682,0,1933,711,137,1210,269,328,34,492,81,-35,718,1001,1268,178,1151,124,920,193,957,5342,722,845,-1,327,1441,156,46
9/15/2020,49,927,862,698,164,587,135,97,97,2288,2669,156,1290,283,1941,580,971,764,16,295,631,21,773,462,1739,701,187,1234,0,449,32,454,118,434,694,1033,1215,188,776,120,687,297,1856,6026,764,1101,1,347,1502,220,128
9/16/2020,105,670,992,1753,106,459,220,144,144,3273,2083,119,636,396,2056,837,0,606,17,419,543,43,980,909,1776,0,441,1632,897,502,34,631,158,344,909,1067,1478,210,933,145,932,395,1053,4047,862,1242,2,386,2134,234,86
9/17/2020,109,1106,871,1282,91,605,141,71,71,3177,2207,112,1241,470,2223,1037,1415,758,29,431,682,30,778,1085,1605,1152,292,1504,377,466,47,538,151,498,1077,1011,1345,282,760,138,1074,389,2357,3422,836,953,2,404,2580,253,95
9/18/2020,85,1301,1078,609,100,606,0,0,0,3510,2288,77,828,288,2529,1076,0,978,0,569,412,44,587,914,851,277,136,1239,351,410,59,498,162,323,687,951,1300,257,1162,113,952,369,942,3827,1071,857,4,597,2403,191,33
9/19/2020,93,798,563,467,75,501,0,218,218,2497,1152,55,664,244,1402,746,0,436,26,340,412,27,0,2221,653,192,127,1335,286,286,27,497,67,3,786,762,726,202,733,43,570,252,2075,2466,817,626,5,349,1735,180,91
9/20/2020,70,818,641,233,31,542,497,0,0,1671,1385,64,692,410,1477,522,1674,375,9,244,344,40,1575,480,2287,465,269,800,264,305,5,477,104,629,607,856,678,194,234,98,562,173,895,9853,39,872,6,300,1296,117,73
9/21/2020,44,804,617,595,53,654,136,94,94,2414,1209,167,561,446,1531,599,0,814,11,143,385,25,695,678,1852,552,204,1312,473,397,38,506,107,261,630,685,1184,318,834,127,908,320,739,17820,650,580,0,345,1739,213,72
9/22/2020,54,569,982,438,133,616,155,186,186,2594,1691,90,1056,396,1848,711,1267,786,21,542,503,44,902,0,1948,737,320,1101,470,493,17,490,197,482,782,903,1056,190,898,120,877,445,1561,3392,1453,902,1,509,1895,120,153
9/23/2020,128,1053,1086,568,110,548,157,0,0,2477,1608,111,1225,491,2257,899,0,641,16,455,559,20,1078,2089,1958,722,328,1836,434,453,37,641,237,390,961,991,1153,362,853,125,855,463,835,4320,622,941,9,536,2478,202,136
9/24/2020,122,2452,897,515,84,709,115,138,138,2809,2012,127,1103,523,2805,1171,1366,908,21,454,613,0,1040,1470,1691,0,357,1693,495,431,41,626,263,483,975,1150,1275,449,806,142,942,457,1910,4633,1411,975,8,988,2629,247,115
9/25/2020,113,933,809,459,134,584,0,175,175,2731,1442,95,903,539,2441,1142,0,970,0,515,431,54,996,0,917,827,2,1759,344,434,36,816,205,602,924,1115,1188,267,1029,128,901,579,1437,4886,1017,736,0,604,2902,205,45
9/26/2020,114,730,487,411,55,569,0,129,129,1847,875,90,769,205,1604,901,0,455,21,594,477,11,0,1979,761,190,200,1290,259,467,51,759,152,378,853,800,954,239,918,37,506,408,2104,1694,1068,449,3,439,2247,190,168
9/27/2020,116,662,807,273,21,411,560,142,142,728,956,85,642,422,1709,872,2037,448,15,367,431,37,1329,0,2303,0,306,868,419,515,36,657,141,462,843,993,861,174,676,141,655,197,737,4090,827,923,3,369,1739,164,121
9/28/2020,124,571,706,674,32,535,182,0,0,3209,1368,121,632,511,1362,744,0,917,10,450,414,54,1118,809,1978,1141,463,889,444,466,25,568,172,402,1195,1105,1264,297,988,183,841,259,879,4062,694,756,4,404,2447,180,67
9/29/2020,103,1147,942,323,152,511,221,82,82,1880,1906,107,1199,614,2273,953,1120,984,21,510,785,40,1194,687,1838,696,517,1495,372,520,33,814,278,386,1259,1080,1081,218,1153,186,699,392,1528,5683,906,449,6,480,2459,156,127
9/30/2020,124,1043,1124,705,96,682,192,324,324,2551,1585,86,1179,513,2166,1157,0,888,8,708,712,37,998,1066,1752,672,431,2277,476,621,51,711,226,430,1456,1327,1306,353,1156,165,747,747,1293,3534,1008,966,0,594,3000,176,135
10/1/2020,126,954,958,551,98,680,555,188,188,2610,1522,133,1016,677,2456,1464,1362,999,26,753,597,0,984,1166,1619,609,459,1775,440,792,217,835,339,771,1669,1495,1166,301,1161,184,833,386,971,3503,1107,1116,13,694,2825,283,131
10/2/2020,143,1682,746,636,88,0,0,118,118,2726,1538,69,939,464,2442,1419,0,1274,0,600,471,52,1275,2460,852,321,278,2202,416,426,63,1023,296,526,1567,1157,1116,348,0,140,800,464,1192,7006,1068,1067,10,609,3054,161,151
10/3/2020,188,789,488,355,46,1178,0,120,120,1813,940,51,620,262,1453,1087,0,616,32,626,501,25,0,0,754,215,74,610,312,404,48,694,181,392,1134,941,905,259,2251,78,660,432,1615,2884,1393,687,7,455,1926,160,139
10/4/2020,208,544,417,316,29,461,823,0,0,1405,1119,81,405,458,1853,830,1597,541,9,465,413,20,1455,1914,2533,0,663,2258,502,452,35,604,155,325,967,1057,841,279,672,171,561,180,2489,3409,1105,625,32,402,1727,114,125
10/5/2020,139,764,641,864,28,654,121,103,103,2202,1978,109,574,660,1617,970,0,1036,6,454,440,39,1152,0,2228,975,425,1504,493,498,51,740,315,476,1478,1335,1424,291,1036,180,965,278,1676,4132,716,509,4,387,2075,194,141
10/6/2020,126,941,809,604,51,731,123,84,84,2544,1796,101,1052,671,2630,1281,1244,2393,12,509,781,35,1214,2182,2201,563,340,1711,527,639,69,624,425,432,1272,1424,1253,294,1309,247,835,1030,2080,4121,1007,1844,6,545,2463,203,129
10/7/2020,127,557,1265,863,133,863,384,132,132,3246,1827,0,1609,673,3059,1450,0,868,5,409,734,27,1401,0,2149,1440,614,2428,656,663,78,1417,384,480,1832,1539,1382,482,1376,269,961,535,1992,4238,1501,1114,11,710,3274,186,193
10/8/2020,177,1490,1167,683,67,834,290,145,145,2853,2011,153,1233,662,3117,1816,1855,1001,26,734,636,30,1323,1390,2121,957,1237,2034,588,0,92,991,485,768,1691,1840,1360,410,1380,198,1186,774,1556,4036,1343,1256,8,642,3164,382,243
10/9/2020,249,1061,908,894,72,1023,0,303,303,0,1336,108,1134,613,2905,1918,0,989,0,587,562,0,1648,2956,1072,294,203,2321,637,1085,120,960,481,806,1374,1356,1310,0,1742,183,1014,732,1646,4230,1354,811,11,475,2971,206,120
10/10/2020,255,816,613,597,64,819,0,0,0,5414,1218,64,1094,365,2727,1570,0,847,20,570,504,27,0,1171,935,0,585,1719,472,1238,53,836,261,380,1030,1291,977,729,1166,91,787,617,2068,2418,1200,854,19,827,2713,215,156
10/11/2020,191,734,654,475,8,576,1339,264,264,1519,1181,42,509,597,2742,1574,2055,638,14,765,482,57,1932,1435,2789,1009,423,1276,508,457,65,627,379,568,1087,1430,881,212,1088,172,695,361,2965,2648,988,1235,0,0,2016,153,191
10/12/2020,151,1117,680,684,9,1048,320,0,0,2657,1325,61,701,584,2851,1549,0,761,10,632,575,36,1466,0,2438,876,842,1734,702,704,71,1191,351,487,1392,1447,1417,313,1342,224,779,414,1147,5130,987,805,10,913,3428,274,162
10/13/2020,143,784,1079,901,58,692,164,71,71,2808,1576,98,1550,645,2862,1165,1293,1322,16,518,630,20,1593,1069,2347,1322,753,1926,706,924,70,1145,577,479,1468,2039,1262,380,1276,297,866,876,1709,4826,1144,1331,17,734,3323,263,213
10/14/2020,152,1185,1278,1113,118,1141,167,95,95,3286,1864,88,1193,718,4015,1943,0,1182,12,568,781,29,2458,1163,2067,1116,877,2532,864,961,77,1159,668,655,1543,2178,1297,365,1598,244,1251,797,2289,4726,1498,1183,0,676,4040,264,198
10/15/2020,226,1212,1015,738,73,1312,802,164,164,3365,1997,89,1334,1094,5103,2283,1700,1311,20,702,798,37,2206,2290,1914,751,-2,2684,744,1286,88,1043,812,721,1681,2148,1317,410,1566,291,1152,793,666,5870,1496,1114,14,709,4105,498,290
10/16/2020,211,1288,883,921,69,1139,0,218,218,3968,1987,94,1291,878,3629,2482,0,1291,0,550,530,38,0,1694,937,234,638,2102,717,620,110,1088,573,969,978,2234,1239,381,1857,299,1085,806,2646,4885,1340,900,9,777,0,221,151
10/17/2020,220,964,644,742,44,933,0,254,254,2474,1258,82,859,510,4245,1605,0,810,23,744,497,22,0,3349,820,352,588,2303,659,734,70,1455,445,607,2057,1562,890,216,1269,126,800,658,2605,3216,1097,690,11,530,0,280,209
10/18/2020,202,859,531,748,27,1072,1191,0,0,1691,1134,35,623,698,3113,1584,2113,640,16,827,590,27,5004,0,2839,730,569,1144,1029,749,52,1438,514,583,956,1837,921,262,1103,313,622,567,3317,1894,1168,926,19,460,7915,212,286
10/19/2020,211,1043,844,1040,22,1208,434,129,129,3556,1500,84,946,873,3714,1498,0,1297,6,821,492,0,1871,1092,2397,801,703,1578,499,592,82,1263,594,652,1599,2015,1473,342,1557,378,946,621,1508,7884,1081,1018,0,489,4686,226,215
10/20/2020,212,1146,1155,975,35,1267,416,203,203,2106,1601,77,1112,987,4342,1732,1488,1452,18,646,743,71,1878,1060,2481,958,619,1842,887,899,89,1314,819,472,1784,2366,1380,307,1425,475,924,587,2292,5252,1363,1332,16,724,4363,215,322
10/21/2020,232,1390,1202,994,162,1373,502,159,159,5461,2037,99,2008,950,4942,2850,0,1303,9,986,712,35,2204,1561,2420,795,1608,2400,887,977,77,1435,662,789,1602,2425,1408,367,2063,523,1191,973,2046,6291,1543,1180,15,651,3632,323,271
10/22/2020,281,3852,1337,976,73,1350,679,0,0,3618,2841,128,1087,1073,5000,2467,1774,1449,21,968,796,42,2046,1711,2260,1212,183,2716,935,1225,118,1342,791,813,3157,2518,1650,538,2219,455,1067,1185,3606,6472,1960,1088,29,820,4643,335,426
10/23/2020,371,2360,1183,890,49,1828,0,160,160,4381,1953,89,1733,1021,6161,2741,0,1732,0,1128,792,0,3490,2259,1278,228,639,2584,845,705,126,2188,872,1146,2059,2858,1569,0,2043,334,998,939,2574,6499,1608,999,27,919,4673,320,260
10/24/2020,523,1079,797,1391,34,1689,0,321,321,2348,1366,117,1213,650,4062,2153,0,1462,17,1097,565,117,0,1680,1186,447,738,1807,522,582,90,1408,823,891,1436,2309,1147,753,1666,191,1300,1062,3500,4304,1765,904,30,649,3778,194,236
10/25/2020,348,967,612,801,12,2211,2047,0,0,3336,1346,35,859,697,4729,1974,2446,924,17,1216,897,57,4057,1570,3898,854,621,1643,889,702,69,1648,723,475,1496,2116,962,335,1407,384,842,538,2279,4700,1201,1134,10,587,3011,317,436
10/26/2020,382,1115,952,1158,43,1433,538,81,81,4226,2039,62,1079,882,4000,1983,0,1771,18,1025,684,76,2675,2164,3204,1000,845,2141,777,877,133,1994,583,727,1941,2509,1430,372,2751,474,1073,989,1908,7292,1145,1345,30,527,5501,483,329
10/27/2020,355,1269,961,1043,75,1475,490,143,143,4005,2669,119,2150,862,6110,2548,3369,1857,18,1137,962,80,3590,1908,3507,970,620,2253,1223,1169,111,2091,657,574,2148,2607,1176,420,2228,423,867,1270,2446,5627,1575,1429,7,716,4130,358,340
10/28/2020,359,1443,1072,1315,66,1806,1319,161,161,4111,2192,7,2423,961,6363,3618,0,1811,18,1243,927,103,4109,2867,3421,749,887,2885,1353,1605,127,1971,1078,1075,2750,3590,1574,565,2202,511,1186,1000,2660,6826,1837,1456,35,814,5146,402,361
10/29/2020,381,1347,1162,1565,30,2412,761,398,398,5383,1804,92,2670,1064,8489,3163,3136,1937,11,1488,967,98,3345,3154,3306,824,1063,2809,1433,1495,116,2363,1005,1232,2298,3845,1625,595,2641,481,871,1559,2608,6631,2292,1552,0,1016,5357,524,521
10/30/2020,437,1789,1316,1901,55,2924,0,175,175,2283,2736,62,2941,798,7899,3465,0,1977,0,1292,864,0,4018,3007,1900,340,885,2805,1127,1087,200,1745,581,977,1927,2915,1769,533,2510,481,1062,1433,1184,7145,1724,1202,2,928,5808,470,270
10/31/2020,348,1700,867,1527,41,0,0,185,185,4805,1435,80,2395,480,6980,2750,0,1423,7,1139,850,131,0,2200,1841,365,694,2057,972,934,130,2171,742,716,1938,3303,1616,508,1909,279,1455,1332,754,71734,1854,1026,22,814,3553,423,425
11/1/2020,350,907,584,666,5,4797,2651,115,115,4569,1357,72,1762,757,6222,3077,4096,1028,8,725,771,127,6920,2948,5647,644,757,1336,1172,954,106,1945,872,635,1729,2909,1650,549,2060,432,893,526,3161,5455,1196,1261,40,1039,3505,352,444
11/2/2020,388,1037,520,1679,14,2562,985,108,108,4553,2049,82,1639,1179,6516,2881,0,1709,17,923,1000,151,3437,3476,4419,766,907,2349,1114,1440,128,2432,1136,911,2449,4229,2362,482,2875,558,1066,1004,1770,10665,1669,1157,48,657,6104,358,452
11/3/2020,404,1848,1651,815,66,2928,530,219,219,4332,2773,150,2760,1290,7538,3698,2938,1630,24,1629,1198,183,4397,3827,5271,1612,796,2425,1536,1828,115,3046,1011,1068,2130,4071,2220,589,2795,635,899,937,3445,9817,2110,1366,1,1469,6255,394,425
11/4/2020,308,1381,1548,2135,63,3369,1687,0,0,6120,2410,92,4851,1265,9935,4412,0,2268,20,1761,1541,184,6103,3942,5996,967,1013,2859,1765,2124,245,2575,859,1267,3260,4961,2554,790,2900,681,756,1360,1969,10171,2807,1568,35,1070,6284,560,365
11/5/2020,525,1556,1870,1996,51,3463,1065,505,505,5150,2762,113,3341,1330,11790,4647,5418,2228,21,2038,1410,158,4246,5442,5346,1031,979,2908,1602,2681,204,2760,1284,1562,3333,5008,2794,769,3384,702,1227,1488,1373,9239,2987,2103,23,1691,6411,540,996
11/6/2020,601,1768,1598,2575,73,3498,0,0,0,4380,2072,123,4559,1403,12438,4899,0,2156,0,2200,1081,90,6494,4647,2927,804,1001,2676,1101,1702,229,3683,1277,1824,3506,5549,3087,979,4035,584,1946,1337,5071,9560,2956,1302,21,1770,7521,491,192
11/7/2020,518,1205,1038,1925,24,3017,0,345,345,6619,1405,127,3529,649,10009,4652,0,1177,20,1809,1375,205,0,5908,2399,516,731,2094,0,1574,247,2506,1210,1276,3488,4541,2433,861,2909,295,872,1428,3636,6878,2386,1302,45,1320,4407,826,713
11/8/2020,471,1170,945,435,14,3553,3338,509,509,3845,1648,58,5102,1266,10573,4135,5920,1729,12,1184,1338,163,9305,3926,8364,933,374,1521,2037,1582,211,2717,1408,960,3162,4706,2281,707,3402,766,640,907,5919,4849,2247,1435,23,1239,4470,401,700
11/9/2020,525,1710,1424,3434,24,3890,1524,230,230,4282,4279,69,3899,1201,12623,4829,0,2079,10,2047,1714,142,6944,4893,6781,1256,1098,2582,1031,2182,220,4447,1258,1322,3917,6508,3740,754,4361,995,1599,1023,1979,12935,2517,1594,47,1441,7432,511,1232
11/10/2020,495,2070,1962,2030,69,3975,1754,0,0,5669,2232,116,5038,1693,12657,5036,5672,2698,0,2495,1477,0,6620,4889,5753,1271,919,3119,1800,2209,229,3810,1487,1107,4835,5874,3597,861,4711,1037,1347,1362,3632,13166,2335,1521,73,0,7537,885,132
11/11/2020,481,2000,1809,1399,38,5197,1158,204,204,5504,2802,94,4402,1158,12702,6591,0,2336,39,2482,1869,437,7311,7225,5745,1305,961,2893,1429,2611,322,4117,1742,1469,4787,7101,3730,1109,5488,792,1594,2020,3344,10589,3919,1235,116,3345,8223,696,1105
11/12/2020,587,2980,2312,3015,29,6439,2746,470,470,6760,3653,103,5452,1519,15415,5600,6282,3164,24,2674,2321,152,9179,5544,5280,1370,1213,1779,2270,2369,459,4016,1230,1857,5111,8071,4050,1058,5531,1084,1805,1611,3733,13424,2150,1537,92,2142,8451,742,862
11/13/2020,739,2226,1848,3476,81,5196,0,379,379,4405,3035,105,4637,1519,11028,8322,0,3293,0,2841,1840,153,7430,8689,2490,969,1642,3885,924,1912,382,4856,1165,2269,5643,7715,3355,1081,5551,765,1979,1855,4662,11401,5352,1161,100,2233,5581,1153,540
11/14/2020,648,1979,874,2383,35,4183,0,408,408,9820,2084,0,3824,928,10631,6710,0,1449,11,2076,1726,173,0,7553,2199,589,1272,3117,1089,1327,360,5055,1030,1177,3450,7853,2206,862,5199,507,1507,1199,5817,7923,2667,2677,46,2309,6320,887,613
11/15/2020,578,1410,1308,1476,10,4296,4639,749,749,4530,1247,92,3222,1099,11632,5147,7234,1511,7,1967,2149,246,13162,7437,7149,905,869,1972,1082,3440,358,2925,1253,1914,4027,7268,2026,766,4476,669,1119,897,7951,7828,1971,2125,119,1492,4638,781,699
11/16/2020,634,1616,1554,2984,36,4331,1702,203,203,7285,4335,44,3035,1781,12601,5463,0,2911,17,2263,2018,156,7886,5931,5853,1593,1371,3288,1263,2204,274,4749,2105,1697,4857,7079,4196,924,5900,1405,1395,1006,1841,13644,3178,2071,96,2589,7593,864,1260
11/17/2020,545,2638,1715,3206,61,4650,2042,398,398,7727,3161,62,4129,1310,8922,6015,5853,2745,28,2744,2910,215,6218,5094,5211,1395,1184,3367,1382,2812,446,4736,2892,1665,5317,6385,3678,1099,6339,1014,1546,1387,4472,10987,3071,1954,57,1303,8510,953,822
11/18/2020,490,2424,2238,4123,106,6107,2353,0,0,8882,3424,100,4149,1543,14612,7281,0,3637,15,2532,2353,224,7983,7863,5220,1638,1236,4296,1404,2663,528,4880,3665,2416,5393,7787,3438,1204,7126,1035,1767,1071,2887,14269,3968,2544,149,1987,7448,1122,894
11/19/2020,460,2463,2061,4471,91,5765,2088,663,663,8831,3435,89,4284,1786,13012,6808,5939,3816,34,2288,2885,165,10140,6794,4871,1972,1475,3688,1524,2381,520,4213,2982,1839,5401,8808,3676,1302,6808,1288,1889,1328,3444,13795,4588,2348,148,2132,7077,1081,960
11/20/2020,675,2335,1905,3638,86,6113,0,505,505,8175,6213,153,3700,1070,11891,6872,0,3702,0,2991,2168,237,7840,6252,2436,779,1249,3415,1143,1368,484,5144,2342,2019,5806,7863,3600,1493,6778,743,1864,1144,4355,14922,3395,2117,88,1717,7029,1118,281
11/21/2020,543,1798,1352,4331,33,3921,0,487,487,6374,2328,120,2839,819,10012,6174,0,2192,27,2721,1658,184,0,7205,2136,699,1138,4514,714,1032,317,4427,2456,2155,9154,8133,2174,1502,7075,457,1207,851,4589,9769,3197,3242,83,0,4019,880,759
11/22/2020,498,1574,1017,2659,50,3689,5271,856,856,6114,1924,103,2709,1437,8322,5556,7526,2132,24,1785,1667,256,11943,6343,6560,665,701,2419,1004,1860,444,4275,2252,2339,6017,11885,1941,1163,4762,906,1281,783,4074,7641,2244,2544,85,6277,3455,636,1262
11/23/2020,584,2785,2122,4544,43,4150,540,0,0,8102,3676,56,2894,1640,9469,5625,0,2606,39,2225,2697,227,6782,6416,5042,1092,1123,3100,1077,1761,340,4987,2099,2853,5090,8604,4337,1000,6669,950,1763,1010,1304,16580,2701,2718,32,3482,6748,969,528
11/24/2020,670,2453,1965,3982,106,4191,1872,331,331,8126,3177,100,3492,1773,11378,5983,5738,3301,27,3224,2319,0,4687,6387,4404,1746,1061,4212,964,2394,394,4730,1855,3159,6593,10835,3510,1170,6759,1210,1693,1284,2118,18811,1781,2600,81,2887,5997,967,802
11/25/2020,553,2639,2348,3476,104,6053,0,584,584,16809,3608,117,3188,551,12022,6373,0,0,0,0,2378,238,0,0,897,1005,1117,4174,790,2876,0,4877,1694,2542,7241,0,3017,1503,8425,415,2119,0,4404,14697,3829,1544,79,0,5666,1130,0
11/26/2020,662,917,1052,4312,54,4270,3429,1091,1091,-14,3009,83,1459,1446,7574,5643,5224,5616,41,4464,1590,23,17368,5698,3690,1553,114,3834,703,1114,537,4822,2056,1536,7808,17065,1340,826,7360,982,1988,2138,4340,3987,2313,3173,99,4261,1422,866,1012
11/27/2020,650,2119,1349,4136,56,4330,0,581,581,6062,3038,75,2002,1160,7873,4471,0,2427,0,2914,1999,220,8351,9022,2456,1845,1049,3444,723,1257,689,3740,2130,2912,5706,6895,2631,1674,8053,1082,1135,819,6750,4325,2043,2325,28,2467,5473,799,155
11/28/2020,612,2236,1221,3221,32,3489,0,403,403,7131,1952,54,1705,824,7178,4304,0,2743,16,2501,1923,0,0,8946,2147,1485,956,3820,594,1143,478,5187,1435,1298,7075,7729,2309,1614,5529,759,1391,801,3052,7050,1722,1893,67,2066,4055,1152,561
11/29/2020,507,2295,1112,822,20,4133,4714,689,689,6426,2047,81,1485,1214,6190,5665,4425,2116,13,1166,2765,468,10790,5794,6712,1141,397,2734,403,1941,514,4024,1678,1642,7943,6631,2240,1311,4282,1184,1545,564,7975,11725,1897,2228,72,2319,2676,845,816
11/30/2020,511,3376,1950,10322,70,4405,1459,0,0,8540,4842,43,1991,1607,12542,5396,0,4127,35,2845,2220,232,6511,3549,5079,2457,1007,2883,480,1787,772,5463,2324,2698,7780,9030,4899,1223,5662,1446,2104,448,5693,18540,2510,2417,67,2197,4635,976,500
12/1/2020,697,3928,2212,3840,113,3862,2672,355,355,9890,5734,68,3371,1429,9757,6597,4615,3597,46,4613,2044,350,7433,5165,4600,2168,1135,4199,970,2336,566,5061,1544,2129,8811,7835,4042,1506,8291,1471,2395,1291,4099,19222,4004,2022,222,3126,4565,1087,702
12/2/2020,760,3531,2789,5442,113,6037,4751,758,758,10656,5839,139,4877,1721,10959,8460,0,3836,23,6477,3792,287,7957,6149,4543,2480,782,5637,844,2180,593,5563,1899,2536,10654,8921,3286,1133,11406,1609,3071,1145,3967,17552,3945,2877,181,2095,5604,1120,571
12/3/2020,750,3840,2827,5680,145,5013,1538,942,942,9898,6376,100,634,1911,10526,7899,6234,3592,24,5192,3193,282,9425,5347,4190,1942,1314,5303,555,1615,765,6386,2073,2902,10621,10114,3238,2144,11763,1500,3100,1050,4356,16796,3005,3793,121,1853,5673,1147,659
12/4/2020,922,3390,2245,6799,209,5125,0,698,698,10198,5017,111,1891,1339,9887,7690,91,3872,0,5356,2643,222,6308,6308,2109,1473,633,6018,477,2243,448,5924,1921,3194,10891,10469,2949,1806,12884,1098,2991,906,4914,14391,3674,3880,131,1503,5711,1400,204
12/5/2020,757,2288,1542,5376,85,3234,0,816,816,8175,2034,97,2110,805,7598,6598,-91,2567,36,4747,2302,425,0,5581,1776,1263,806,6438,361,1266,633,6602,1232,2511,9292,7592,2013,1253,8630,963,2628,687,3072,10380,2563,3817,121,1654,3149,1425,376
12/6/2020,476,2352,1118,1567,59,4037,8129,799,799,7537,5285,78,963,1383,8691,5661,5730,1960,23,2463,2632,277,9824,5290,5898,1732,716,4372,475,1293,1045,4420,1859,2448,7888,9273,2007,1292,6330,1269,2272,509,8136,9491,2231,3860,65,6957,2322,1131,668
12/7/2020,562,4436,2283,12314,112,3971,2414,1682,1682,7801,5577,53,1526,2012,7910,5385,0,3076,45,3627,2692,404,6676,3051,4528,3658,755,4670,2333,1476,807,6166,0,2694,10441,25721,3939,1294,10170,1360,2637,538,6019,19842,2333,4399,100,2923,4620,932,490
12/8/2020,584,3522,2327,4444,196,3757,2290,0,0,9411,5512,73,2465,2298,8256,5754,5778,3468,32,5675,3202,406,5342,4516,3800,1371,787,6495,557,1321,969,5111,3003,3053,10059,10094,3405,1205,8703,1398,2460,985,8213,13606,2574,3914,105,2536,4171,1402,410
12/9/2020,620,4735,2202,4928,220,4649,2431,643,643,11071,7623,116,2110,1825,11101,6518,0,4314,40,5130,2616,344,6302,3499,3844,2327,759,5556,506,1850,680,5803,1781,2193,10298,0,3607,1551,11972,1200,3780,704,6011,15299,3401,3395,128,2550,4709,1233,338
12/10/2020,622,3853,2770,6983,159,4678,3782,1840,1840,11409,6191,79,2215,1582,9420,7200,5491,3670,43,5475,3538,414,5626,3750,3868,2665,978,7540,377,1103,1188,4299,1834,2783,10884,22097,3417,1582,12745,1261,3645,945,7289,14451,2183,4177,128,3141,4478,942,562
12/11/2020,517,4066,2628,8077,225,3961,0,0,0,10385,6447,196,1639,1022,8737,7401,0,3540,0,4968,2638,288,4813,4430,2010,1500,774,6153,281,811,784,6795,1793,2641,10128,11252,3191,1419,11084,946,3522,735,6691,16372,3692,3294,85,4181,4624,1514,122
12/12/2020,637,2790,1450,5853,122,2559,0,584,584,8762,4798,77,1119,547,7216,5898,0,2444,51,4677,2314,427,0,3425,1717,1648,659,6819,196,1173,712,4693,1442,2882,9663,9266,2184,1014,10684,527,2697,631,11352,8337,2083,3240,127,2328,2965,1066,453
12/13/2020,422,2264,1355,11806,77,2911,7231,997,997,8343,3720,187,973,1038,7214,4967,4724,1786,27,3572,2401,410,7621,3018,5441,2205,0,4770,326,483,919,5536,1499,2579,9835,7875,1876,1157,7962,1132,2499,316,10319,9430,1968,3160,104,1734,2329,1177,415
12/14/2020,278,3638,2141,4134,142,2278,1470,1472,1472,9296,7437,52,1267,1802,7359,4241,0,2928,50,3720,2405,551,5391,2323,4184,2343,737,5236,2,1517,670,4607,1258,2320,9509,8755,4440,1082,9556,1043,3195,345,8251,18397,1915,3931,66,1272,4055,1314,289
12/15/2020,603,4107,2306,4837,293,3334,2319,0,0,11282,6624,104,2180,1433,7123,6208,4551,2875,38,5450,2217,609,4644,2248,3888,2261,604,5273,668,1242,888,6317,1800,2366,9525,5409,3753,1530,10049,1140,2954,904,11410,18802,2928,3853,86,9196,2822,1141,246
12/16/2020,377,4695,3039,5817,379,3698,2321,839,839,13102,7777,136,1779,1426,8828,6340,0,3328,31,4985,2569,437,4541,2759,3766,2507,839,5786,494,1297,831,4806,1688,2281,11470,11412,3808,1314,9966,396,4455,594,8945,19849,3203,3296,140,2940,4281,1636,283
12/17/2020,487,5348,2878,7635,300,3693,2680,341,341,12827,8141,122,2200,1340,7377,5949,5857,3169,30,5632,2201,401,4519,2718,3570,1700,509,8444,231,1345,696,4566,1455,2878,11188,9684,3914,1372,9320,927,3652,575,10421,16792,2644,3583,94,3063,3921,1266,766
12/18/2020,330,4221,2693,5560,272,2491,0,1027,1027,11456,5763,152,1478,851,7562,4732,0,3374,0,3995,2054,207,4181,2746,1932,2222,627,6164,251,670,649,4751,1430,2601,9563,8567,3684,1506,9834,1080,3324,564,0,17907,2408,3876,100,2332,4315,1464,129
12/19/2020,178,2548,1536,5366,161,2292,0,480,480,8140,5618,202,1013,891,6003,6483,0,1757,48,4162,2265,338,0,2684,1826,1167,551,6900,82,967,933,5688,1063,2087,10900,8377,2214,1116,7355,440,2597,391,16036,7780,1994,4041,100,2161,2045,1127,174
12/20/2020,150,2380,1457,7748,83,2146,4595,440,440,10907,3520,132,878,917,4699,3865,4174,1976,65,3760,2324,-2,5059,1992,5063,2191,154,4479,332,721,846,3876,815,1939,9758,6548,2225,825,7745,940,2489,347,9891,10280,1819,3593,91,1874,1629,995,456
12/21/2020,438,4979,1941,5870,247,2516,1583,1179,1179,10204,9079,64,1083,1717,6239,3657,0,3047,51,3293,2465,1206,3514,1700,3859,2634,623,5255,270,1221,620,5229,1267,1090,10341,7678,4843,1318,7962,917,4321,435,4441,21147,2302,4651,74,1252,3027,1400,261
12/22/2020,360,4758,2893,6058,361,2948,1745,0,0,11100,7773,95,2098,1391,6762,4662,5089,2936,68,4509,2866,735,3820,1508,3686,2326,575,13312,225,1338,504,5437,1167,2988,13105,7790,3609,897,9605,948,3173,531,7221,23363,2612,4782,72,2315,3063,1199,285
12/23/2020,268,4232,3204,724,351,3030,2038,780,780,12770,10286,125,1531,1248,7037,6196,0,0,46,5655,2432,0,0,1884,2251,1527,407,0,274,695,390,5258,1924,2249,12347,8828,3825,851,9230,894,4583,506,5257,17064,2892,4078,101,2891,3263,1303,0
12/24/2020,0,3625,2122,12938,312,2659,0,638,638,0,6054,119,1174,0,5742,5446,0,0,0,0,2280,321,0,0,553,845,0,6345,133,805,0,5403,1456,1853,12510,0,2721,897,7174,248,3286,0,0,4335,0,1584,0,0,1639,1597,0
12/25/2020,361,1032,702,6106,36,1430,0,820,820,16588,4158,109,393,554,3293,3841,0,5283,0,7424,1758,334,7877,2142,2581,1365,504,5371,110,175,1031,4602,604,1589,9973,11018,1517,608,7581,797,4911,417,14395,2694,3489,3999,185,3626,677,1341,482
12/26/2020,290,2170,908,1296,237,1399,0,584,584,7157,3511,94,576,428,3767,1820,0,1500,19,2973,1985,439,0,2516,2034,1701,347,2898,93,637,876,2954,742,1856,9343,5857,3056,1399,4884,709,1788,427,3188,8046,796,2599,63,714,2558,533,54
12/27/2020,126,2269,1651,10086,64,1650,8457,1132,1132,8040,3941,45,901,795,4453,2465,6373,1454,45,4060,1878,589,3550,1077,6006,1943,219,3888,271,875,861,3584,691,868,11695,4519,3064,820,3779,1287,2787,267,3712,14829,1716,4122,91,1239,1557,726,504
12/28/2020,175,3907,2718,2799,242,1740,767,0,0,11748,9450,71,1364,1514,5644,3976,0,2975,61,3659,2628,588,3963,972,4495,3023,427,3563,372,932,1027,4289,1216,1747,11101,7526,5931,682,8545,1207,3249,501,4797,32552,2736,4048,82,2174,2919,1337,219
12/29/2020,385,5016,3184,5267,432,2451,1696,407,407,13638,9053,104,1712,1340,7374,4735,6371,3770,51,6135,2973,691,4782,1997,4553,2756,874,8551,294,1516,545,5287,1311,2470,12886,8178,4838,1033,8984,1379,4934,562,8220,21469,2614,5239,74,1484,3170,1452,210
12/30/2020,495,4406,2708,7718,428,3238,2045,1468,1468,16827,11709,175,1710,1213,8009,6468,0,0,40,6887,3557,13,0,2195,3800,2575,255,6715,275,1501,786,5525,1678,2137,16900,9632,4154,1649,8992,881,5820,444,5993,18725,4672,5183,136,4422,4212,1109,276
12/31/2020,0,4521,4304,10060,585,3064,0,0,0,0,11137,232,1995,0,0,6288,5312,0,0,0,2952,1042,0,0,1232,1891,0,0,121,918,0,5803,1278,2315,16769,0,3505,0,7714,778,5805,0,0,16311,3110,3988,178,0,2085,2486,0
1/1/2021,801,3711,2000,8883,386,2011,4412,809,809,30531,7533,159,666,1122,11963,5317,0,8709,0,8542,2148,347,9500,2530,2722,1784,389,18892,150,546,1156,5959,1237,1825,13655,14293,2353,2439,9253,871,5254,665,17330,4763,1932,5010,99,0,1129,1507,164
1/2/2021,290,2476,2033,17234,181,2078,0,611,611,10228,5778,122,1048,308,4469,2981,0,2855,49,3110,2483,376,0,2712,2498,1616,437,6487,199,738,1266,4049,1015,2747,13180,6808,2979,1397,4579,649,3891,703,4165,16095,1819,3771,104,8644,2593,1731,302
1/3/2021,260,2161,1306,5158,97,2185,4516,849,849,10935,5163,75,1098,798,5059,3617,3572,2317,48,4358,1956,597,5490,3144,6513,1767,283,5187,0,585,878,2496,921,1414,12056,5942,2777,708,3226,1153,3418,111,3953,18182,2160,4377,80,1039,1626,828,372
1/4/2021,194,5498,4107,5932,368,3458,2332,767,767,15556,10091,107,1830,1538,6839,3395,0,1693,50,4178,3146,525,3031,1573,4921,2791,714,5285,592,1448,664,5328,1184,2423,13102,7580,5542,1035,8818,1581,5469,433,5399,31630,3318,5387,165,2332,4019,1276,322
1/5/2021,328,4591,3705,7206,459,0,2486,629,629,17262,7686,125,2626,1263,7569,6146,5501,5705,46,6419,2970,537,4856,2326,4413,3255,682,6952,324,1436,846,5848,1485,1938,17282,7814,4151,735,9474,1215,5563,608,7588,24010,3769,5379,120,1985,4109,1516,321
1/6/2021,326,5046,3323,9913,583,6030,3304,1220,1220,19334,9790,287,1821,1067,8757,7270,0,4889,47,7136,3732,782,4249,1983,3845,2175,690,10398,282,1122,423,7539,1835,3402,18369,10251,3912,862,9698,1181,7687,448,9000,24578,4597,5238,245,3260,4509,1324,278
1/7/2021,403,5057,2944,11658,493,3187,3236,1526,1526,19136,13296,239,2255,1085,9277,6095,5504,4737,105,7635,3758,612,3908,2374,3561,3205,818,10028,120,1023,891,23925,1637,2866,19273,9535,3380,1762,10178,1183,6438,448,6369,23520,3793,5798,216,4595,4110,1896,479
1/8/2021,311,4863,2886,11094,695,2837,0,0,0,15069,11926,228,1345,977,6717,5966,0,4231,0,7110,3310,279,2898,2469,1743,2212,534,11581,158,1006,719,-9549,1498,2648,17667,8374,3263,1629,10045,1096,7452,321,5844,23290,2613,5141,171,2988,3516,1880,72
1/9/2021,250,2750,3330,11201,468,2201,0,798,798,12041,8193,178,1127,432,4711,5093,0,3227,40,5396,3012,313,0,2159,1651,1227,222,8833,114,406,729,5646,1203,2259,14782,6088,2079,1207,7506,656,4294,417,7419,15855,2276,4530,177,3078,2126,1434,113
1/10/2021,173,2100,1268,8995,264,1677,7364,554,554,11338,7454,162,821,572,4776,3685,5180,2082,45,4239,2665,716,5129,980,4359,1648,329,5936,138,644,707,5334,930,1681,14067,7892,1996,924,5338,931,3653,181,3527,14834,1484,4561,111,2013,1682,1070,563
1/11/2021,0,3848,3209,8559,548,1511,3689,619,619,14526,9193,108,1105,1034,6642,3139,0,3022,53,4906,2516,822,2468,1315,3111,1942,424,6851,167,1000,841,4587,887,2593,15670,7981,3919,1173,7275,981,5118,244,3478,26052,2146,4598,169,1858,3307,921,677
1/12/2021,406,3147,2467,5629,589,2438,3529,727,727,13664,8596,93,1898,1091,5862,3642,4539,4553,51,5278,2948,804,3128,1487,2837,1948,576,5098,243,1529,977,7880,1145,1143,14331,6701,3172,1329,7960,855,5082,452,4625,26082,5188,5294,121,2658,2771,1189,217
1/13/2021,332,3588,2491,7311,552,2403,968,892,892,13381,9036,164,1520,994,6652,4375,0,4063,58,5545,2924,826,3295,1581,2773,2342,457,9853,221,932,653,7092,1424,2187,15787,7654,2946,1137,7175,1013,3336,317,4983,24325,2742,4795,205,2575,3140,827,412
1/14/2021,300,2945,3124,9146,637,2281,1878,662,662,16415,9806,143,1296,0,6642,4666,4093,3925,0,5074,3292,440,3001,1627,2193,2680,525,8914,115,779,722,6311,1262,1878,18688,7149,2723,1012,6047,917,6568,425,5557,27204,2543,6757,161,2193,2706,1430,208
1/15/2021,182,3153,2543,8715,669,2025,0,645,645,11886,8533,156,1150,1918,5343,3889,0,3055,0,5657,2414,340,2211,1485,1436,1606,421,7986,150,0,445,6057,1088,2040,14997,7065,2599,1154,7166,756,6070,341,4808,24657,2150,9914,181,0,2409,1475,159
1/16/2021,279,1917,944,6981,432,1498,0,922,922,10737,6332,121,636,278,4162,3162,0,2350,123,4283,1769,317,0,1333,1183,1457,337,6811,43,1068,919,5132,744,1483,14755,5247,1702,793,6023,512,4205,266,4474,16402,1585,7245,142,3969,1891,697,295
1/17/2021,151,1430,1141,5400,201,1190,6703,616,616,7877,4957,115,716,0,3385,2498,3688,1993,50,3224,1972,385,3343,969,2901,1193,183,5802,164,440,1000,3853,626,1221,12523,4312,1716,646,4045,483,3179,115,2430,11590,1082,4526,163,0,1169,988,345
1/18/2021,125,2515,1331,6417,146,1685,2094,401,401,9571,7492,59,1057,1224,4318,2727,0,2239,71,2567,2167,701,2320,919,2582,1702,288,4058,151,1102,845,4628,691,1178,11863,4989,2801,617,5341,867,3470,127,2057,9476,1302,4515,101,2050,1933,1011,214
1/19/2021,160,3112,2520,4845,694,1371,1915,464,464,11825,8205,68,1229,810,4822,2877,3590,3414,59,3987,2166,675,2421,1224,2331,2290,391,6415,148,961,728,5438,881,1171,11960,6378,2822,674,5984,894,4884,277,4483,31255,2087,4013,150,2028,1851,857,202
1/20/2021,209,2881,3106,9398,571,1983,1662,748,748,12602,8150,112,1692,612,4979,3624,0,3713,59,4821,2396,636,2513,1270,2260,2050,394,7187,197,865,857,5049,988,1200,15800,7271,2560,831,5664,1007,4949,337,3492,22360,2161,4147,109,2070,2569,940,300
1/21/2021,263,3551,2162,8099,764,1798,2019,710,710,13407,8374,122,1335,598,7042,3489,3241,2745,41,4935,2392,1,2538,1506,1993,1856,400,7436,153,909,657,4200,908,1869,14713,4278,2595,866,5338,742,4657,316,4064,22646,2649,4904,179,2162,2303,998,159
1/22/2021,241,3355,1613,7316,593,1958,0,682,682,12104,8985,127,1149,527,5152,3093,0,3789,0,4330,2145,513,1826,1540,1146,1196,361,7181,97,599,625,7147,848,1501,13376,5859,2327,761,5785,712,4661,247,4029,17672,1771,3792,149,1949,2012,1137,0
1/23/2021,165,1728,1071,7217,429,1319,0,660,660,9335,4753,143,848,181,3292,2520,0,2018,82,3750,1686,259,0,1181,984,927,242,6096,57,293,761,5272,626,1194,12760,4481,1614,568,3976,330,3386,185,2841,11565,1516,6172,125,1389,1374,555,315
1/24/2021,83,1839,636,5321,328,1177,5817,616,616,8542,3917,116,583,527,2944,2189,2602,1250,25,3477,1482,662,3347,794,2568,1452,164,4633,132,646,431,4143,491,990,10895,4334,1525,419,3934,675,2350,32,1710,6319,859,4707,132,554,1100,532,124
1/25/2021,85,2900,2485,4748,409,1158,1267,299,299,9466,8393,63,896,559,3667,1718,0,2692,31,2215,1939,462,2075,707,1950,2074,344,3978,154,328,404,4776,600,956,10097,4262,2947,768,4628,660,3588,200,1979,26274,1411,5227,120,1341,1564,1139,130
1/26/2021,173,3177,1777,5918,697,1638,2440,342,342,8211,6384,94,1001,620,3751,2230,3262,2415,67,3022,2190,284,2065,827,1595,1804,371,5587,145,662,390,4810,751,1020,12263,5366,2262,708,5874,728,4450,228,3400,19613,2009,5121,94,1807,1559,797,216
1/27/2021,199,3648,1892,4671,737,1441,1426,663,663,11190,7352,94,1272,508,4191,2819,0,2934,55,4222,1880,358,2255,1316,1774,2186,403,6490,153,814,696,4746,672,1078,14010,5432,2171,720,6036,626,4138,187,1777,18220,1761,4238,144,2520,1980,787,62
1/28/2021,185,2848,1707,5028,617,1722,1258,440,440,10745,6558,104,1005,635,4156,2630,2168,2601,58,2781,2097,354,2139,1114,1847,1528,312,6959,104,0,580,5986,1079,1328,13091,4874,1931,946,9643,587,4117,160,4908,3850,1517,4309,135,1992,1804,905,260
1/29/2021,135,0,1824,5119,638,0,0,616,616,14654,6343,109,867,328,3345,2334,0,2646,0,3957,1747,157,1511,1072,988,811,516,6168,68,973,524,5274,741,1070,11612,4191,1902,687,5191,580,3567,115,2251,34340,1468,2558,173,1796,1613,873,14
1/30/2021,128,4057,881,5025,481,0,0,520,520,7604,3587,78,691,0,2428,1723,0,1766,58,2546,1163,219,0,988,890,705,187,4899,53,143,333,4286,525,959,9988,3011,1256,0,3985,314,2628,180,3119,11490,1194,2861,134,1203,1143,661,208
1/31/2021,70,1221,1226,3741,211,3642,3931,424,424,5600,3034,84,567,482,2312,1709,1983,1617,53,2270,905,417,2572,721,2108,825,121,3776,115,237,363,3517,486,838,8539,3287,1198,957,2854,197,1928,65,1326,31811,584,2740,118,535,781,424,145
2/1/2021,107,2078,1510,2938,422,935,2568,201,201,10332,4961,62,804,491,2304,1512,0,2431,41,1963,942,274,1433,604,1773,791,314,2926,138,1090,326,3150,432,811,6962,3657,2438,605,4410,527,2762,116,2173,23047,1201,2959,113,1357,1296,510,71
2/2/2021,181,2118,2426,2296,481,1269,482,286,286,6694,4924,68,1218,507,3314,1428,2247,2581,53,2186,1554,300,1717,634,1617,1210,426,12079,98,507,337,2311,670,750,6673,3991,1936,627,3128,667,2680,208,1856,17620,1591,3059,133,1602,1539,535,160
2/3/2021,158,2767,2469,4417,655,1584,937,243,243,8434,5706,101,873,402,3328,2359,0,2493,38,2602,1547,264,1885,1410,1393,1210,301,5495,61,520,396,3289,559,889,8346,4120,1652,715,3370,607,3711,174,3154,15283,1273,5069,174,1584,1719,574,180
2/4/2021,165,1496,1824,3826,558,1863,1431,321,321,11171,4842,91,800,404,3660,1481,2647,2256,32,2982,1500,266,1754,1048,1264,1036,347,5547,11,352,478,4228,582,897,10341,3683,1537,817,4688,505,2725,131,2661,14493,1216,4710,109,1493,1427,597,108
2/5/2021,0,1992,1341,3471,623,1541,0,286,286,7345,4490,104,428,240,3062,2816,0,1994,0,3378,1566,154,1186,993,740,900,259,4172,49,2,466,4511,421,898,10367,3549,1459,604,3930,346,3025,188,3182,13897,1211,2948,154,775,1114,549,42
2/6/2021,0,1112,672,1544,295,1034,0,762,762,6379,3589,73,506,0,2060,1724,0,1528,43,3004,903,201,0,901,577,635,73,4674,29,301,318,4332,342,651,9829,2138,890,381,4717,181,1963,97,2387,6404,908,1700,134,2510,766,518,9
2/7/2021,415,925,637,2250,208,987,4367,337,337,5688,2704,30,465,449,1747,1033,1398,1003,23,1276,976,211,2128,564,1393,656,124,3084,-9,446,120,2561,311,548,8316,1926,893,297,2504,360,1773,54,1226,8040,514,3291,146,558,609,398,157
2/8/2021,115,1318,1475,4381,327,934,869,279,279,6911,3721,28,675,437,2082,1130,0,2328,20,1319,1137,254,918,572,1048,784,374,2786,39,462,419,3576,413,546,6965,3207,1405,513,4088,494,2283,122,1636,13329,918,3203,59,811,865,416,46
2/9/2021,182,1401,1092,1977,518,751,888,251,251,7405,3490,51,990,458,2825,1431,1934,1911,50,1920,1199,175,1239,651,950,911,307,3833,139,2,329,4370,510,659,8766,3281,1052,543,3378,454,2457,175,2947,12897,1299,3699,17,681,999,429,44
2/10/2021,143,1503,1103,1861,461,1722,1003,414,414,8354,4179,84,853,323,2838,1701,0,1871,27,2213,1112,201,1507,898,1007,984,247,4568,113,809,365,3656,533,592,9415,2806,844,607,3978,401,2958,279,1624,11890,1242,3191,127,1453,1428,469,105
2/11/2021,148,1097,565,2426,546,1731,838,388,388,7437,3900,61,713,349,2598,1419,1208,1423,37,2228,1159,159,1535,1048,951,695,221,4128,85,44,460,3732,401,636,8542,3305,910,494,3987,379,2399,209,2246,12502,1060,3215,166,1008,1102,467,107
2/12/2021,0,1189,954,1791,433,1569,0,409,409,7377,3823,57,580,258,2092,1232,0,764,0,1949,847,110,944,940,507,1093,234,4130,46,1542,433,3757,565,813,7907,2799,897,458,4088,323,3504,137,1792,11282,943,2575,146,880,866,395,0
2/13/2021,0,1075,466,1947,408,853,0,331,331,5328,1929,43,401,0,1631,1218,0,1708,16,1820,722,149,0,776,465,544,104,3170,46,281,280,2168,282,512,7901,1809,561,247,2571,213,1473,110,1347,6933,710,1539,116,865,562,306,50
2/14/2021,0,674,320,1338,200,533,2905,236,236,3573,2070,31,333,0,1420,777,1348,723,33,1480,516,91,1452,602,575,734,138,2458,138,120,232,1445,190,391,6592,1915,351,183,1945,306,1139,61,1143,3889,462,1770,185,0,426,301,0
2/15/2021,454,883,177,1132,64,668,580,130,130,6165,2895,16,456,462,1348,878,0,1241,0,967,759,103,1124,452,785,684,127,1988,120,19,198,3633,299,290,6193,2026,418,411,2377,396,1141,217,962,3348,591,2284,55,834,779,228,215
2/16/2021,63,679,667,1315,400,1137,534,212,212,7185,3545,27,598,408,1795,923,1267,1010,66,1322,986,219,1240,758,757,134,234,3167,133,299,749,4109,272,363,9542,1816,609,382,3413,384,2117,92,780,3766,901,2304,79,1061,771,288,99
2/17/2021,210,1198,253,1143,417,1241,547,271,271,5030,3485,60,714,286,1966,757,0,957,15,1803,1008,135,1201,913,911,360,200,3916,119,296,434,3277,407,488,8285,2282,366,456,3345,329,2344,186,998,3131,1151,2034,153,1200,866,355,81
2/18/2021,189,847,268,1918,420,1280,1198,329,329,6536,3679,44,547,314,2219,1035,2115,1958,34,1679,763,141,1473,995,789,350,277,3227,75,400,369,3047,311,420,8042,2306,637,477,2778,355,2276,147,1372,2937,857,1882,102,897,919,295,152
2/19/2021,0,774,517,2047,481,1117,0,350,350,7129,3336,49,460,197,1922,1415,0,1331,0,1822,618,131,823,870,496,390,264,3446,49,309,394,2876,425,371,6897,2611,615,521,2818,274,1953,147,1335,6486,778,2303,108,890,815,309,0
2/20/2021,0,857,284,1804,280,802,0,201,201,4935,1758,64,413,0,1585,881,0,979,26,1316,611,97,0,879,424,242,138,2541,35,294,252,2031,314,301,6569,1461,424,107,1906,199,1070,139,1129,4484,701,1155,134,820,451,252,112
2/21/2021,309,677,245,1507,233,680,2233,358,358,4037,1536,49,427,434,1246,817,883,529,11,1150,662,142,1659,555,959,348,31,2133,104,261,252,2704,234,173,6677,1611,429,316,1521,342,1005,30,952,6365,338,1769,115,348,472,238,105
2/22/2021,53,1453,834,1184,225,1096,1357,138,138,5483,3780,44,433,282,1665,679,0,1487,26,1114,862,164,1784,500,712,669,230,1514,115,96,258,3158,312,398,6590,2775,624,511,2830,443,1434,212,1226,11809,716,1907,83,731,707,285,44
2/23/2021,176,1247,803,1310,314,1168,1493,278,278,6923,3240,43,743,423,2022,1006,1122,1294,25,1788,976,217,1558,754,605,920,202,3346,90,704,335,3119,446,516,7203,1842,554,417,2786,406,1528,262,1631,7517,812,2036,77,872,841,243,44
2/24/2021,150,890,726,939,1114,1119,975,295,295,6519,3327,36,656,306,1884,1084,0,1443,33,1928,970,179,1598,986,594,731,203,3351,90,297,310,3577,299,571,9048,2409,418,492,2356,460,1656,156,1994,7389,832,1657,72,1088,965,431,214
2/25/2021,103,739,516,1621,391,1521,787,297,297,5783,3434,39,688,312,2441,944,826,1176,26,1734,836,197,1257,1147,605,549,168,2924,69,0,325,3870,656,399,7645,1976,389,324,3346,372,1669,143,1573,7955,651,1675,123,1169,793,421,148
2/26/2021,0,834,557,1179,439,1264,0,419,419,5316,3365,99,419,233,1780,871,0,1021,0,1516,827,141,1425,812,309,704,224,2643,29,317,273,4134,152,459,7922,1774,375,437,3361,347,1808,186,1374,11073,686,1736,135,951,868,346,0
2/27/2021,0,569,3220,1075,158,841,0,282,282,5385,2334,54,322,0,1249,731,0,675,21,1428,603,129,0,804,376,199,117,0,43,162,258,2389,244,266,7014,1268,269,282,1945,169,1039,134,1117,3815,465,1124,100,483,481,275,44
2/28/2021,350,517,94,1039,215,1536,2680,281,281,1664,2139,26,318,322,1143,540,639,504,20,1248,468,182,1865,636,775,301,49,3622,105,464,164,3140,165,226,7435,1452,265,190,1628,311,697,43,689,3821,257,1385,86,452,333,193,77
3/1/2021,89,652,440,849,303,776,502,113,113,7047,3147,33,415,374,1577,537,0,1075,19,117,786,146,1642,425,637,380,155,1239,110,262,215,3289,245,309,5590,1709,475,250,2564,452,958,182,644,7747,487,1549,88,733,607,136,56
3/2/2021,177,2733,404,1284,278,1055,494,232,232,5860,2735,17,624,452,2104,761,807,1172,21,1553,809,136,1705,779,625,479,193,2145,0,365,187,3691,356,395,6957,2022,395,250,2577,422,1380,181,1598,7822,729,1300,115,795,780,232,89
3/3/2021,140,922,403,1154,273,1351,878,218,218,5997,2886,55,583,299,1740,935,0,1067,18,1410,913,225,1827,940,608,591,180,2502,211,337,188,3193,258,385,7571,1875,402,386,3028,381,1483,232,1514,8028,611,1652,199,854,855,261,69
3/4/2021,141,811,570,2276,400,1633,830,231,231,5876,2081,51,505,240,1442,839,752,905,30,1677,932,183,1791,796,549,576,125,2093,0,0,244,3701,304,391,8841,1750,365,211,2757,364,1239,164,1445,6853,549,1477,133,778,721,287,79
3/5/2021,0,524,327,1735,418,1108,0,265,265,4587,2269,81,484,104,2565,1231,0,839,0,1495,709,157,1692,946,330,260,186,2027,113,343,273,3720,282,500,7346,1506,329,195,2789,228,1118,149,1312,5570,570,1163,145,664,614,326,0
3/6/2021,0,408,165,1335,258,840,0,215,215,4024,1709,47,316,0,1068,746,0,525,32,1281,716,134,0,895,407,70,72,1502,28,374,166,2519,180,230,6186,735,247,206,1658,191,786,211,1278,2953,412,892,119,763,377,155,0
3/7/2021,0,273,133,783,100,585,2066,209,209,3231,1444,41,205,378,1182,474,590,331,10,892,631,133,2283,472,815,357,45,1228,95,252,199,2307,118,203,6693,1254,271,230,1518,312,624,7,420,2595,259,1537,116,436,188,182,139
3/8/2021,330,524,432,563,171,838,749,116,116,4334,1761,41,557,481,1510,572,0,877,11,1006,900,195,1535,1625,621,437,134,997,101,308,192,4126,198,429,6396,1893,480,492,2975,402,784,157,1338,5313,560,1246,87,672,602,229,69
3/9/2021,233,782,317,830,226,1240,512,212,212,4774,1740,41,766,456,1682,856,778,1007,43,1413,924,187,2682,905,699,679,150,1861,111,303,211,3775,249,325,6433,1868,400,284,2594,436,1089,209,1355,4863,658,1251,85,728,706,302,42
3/10/2021,228,865,340,1835,270,955,735,789,789,4946,1714,54,473,364,1700,910,0,1207,16,1589,990,209,2569,1093,621,763,181,2061,121,272,301,3815,233,618,7224,1448,379,353,2652,350,1229,201,1512,4755,646,1589,129,753,651,338,98
3/11/2021,107,448,459,1367,0,1291,1185,231,231,5119,1567,64,495,333,1763,949,519,960,33,1577,1101,206,2944,1102,612,690,132,1998,95,0,310,4049,264,858,6589,1806,375,393,3074,363,1034,184,1543,6505,519,1347,123,632,707,346,51
3/12/2021,0,594,314,262,204,1242,0,245,245,5175,1254,62,425,293,1675,836,0,679,0,1548,860,169,2003,1187,362,203,170,892,34,302,245,4034,183,442,6947,1558,321,355,2840,299,1050,146,1630,4906,491,1173,75,909,537,307,0
3/13/2021,0,368,130,649,140,1215,0,225,225,3592,819,50,281,0,1484,695,0,445,23,1508,617,174,0,997,354,101,34,0,25,289,296,3310,144,222,7854,893,225,225,1914,144,581,130,707,2628,396,1130,192,636,314,319,0
3/14/2021,373,4556,117,638,95,422,2525,233,233,2755,977,44,297,421,782,413,470,395,19,1004,658,189,3828,826,758,369,173,3503,149,0,198,2660,177,184,6246,1149,213,171,1388,281,600,26,806,2743,221,1276,102,445,331,210,164
3/15/2021,101,488,396,497,42,322,853,137,137,4699,1743,45,442,350,1997,561,0,802,22,1018,917,0,2578,708,594,352,411,1093,134,461,257,3878,176,346,5984,1883,337,262,3119,431,1197,142,1342,5068,481,1327,55,603,674,341,25
3/16/2021,170,759,325,445,205,626,373,372,372,4487,2044,66,490,454,1655,902,686,960,30,1640,1113,444,3785,1036,549,322,140,1999,119,325,297,4313,243,301,5099,1458,264,236,3004,411,1365,175,1826,5076,699,2082,59,903,696,315,97
3/17/2021,152,572,264,284,218,1242,1156,302,302,4993,2267,86,496,341,2325,958,0,777,19,1857,1152,240,3119,1496,501,392,132,2004,111,275,335,4473,251,297,4716,2104,284,336,3126,386,1111,237,661,4541,560,1632,141,895,683,382,30
3/18/2021,65,531,228,423,232,1782,1207,210,210,5046,1600,93,524,383,2380,859,606,723,14,1887,1118,221,4417,1435,472,361,152,1915,88,0,294,4390,216,265,6463,1551,235,372,3455,400,1198,315,1997,3574,447,1563,146,885,685,376,102
3/19/2021,0,508,274,735,45,1466,0,307,307,5012,1717,85,365,235,1962,925,0,640,0,1880,1007,171,3255,1380,325,160,198,2034,49,432,320,4909,186,271,9159,1483,261,326,4213,300,1059,205,1581,3794,467,1159,162,990,541,386,0
3/20/2021,0,373,108,488,46,802,0,345,345,3899,1504,71,320,0,1431,733,0,316,0,1678,682,179,0,951,345,95,94,0,50,325,227,3238,171,227,7083,931,207,211,2342,207,618,144,0,1982,375,1063,185,630,438,348,0
3/21/2021,348,319,52,484,427,304,2976,142,142,2780,744,78,224,340,1220,511,615,293,42,1103,722,131,5768,1152,664,306,38,2839,164,136,207,3151,162,156,12179,1444,214,175,1578,390,721,105,1443,2532,159,1267,99,574,380,276,149
3/22/2021,172,10,239,507,51,1370,898,180,180,5189,1791,38,513,359,1832,663,0,878,7,1476,1173,199,4540,855,636,387,354,1062,136,0,382,4803,171,147,9594,1628,286,310,3515,459,832,128,1459,4595,383,1470,94,550,0,327,69
3/23/2021,218,922,231,605,254,1216,1457,210,210,5034,1224,55,758,435,2793,967,802,695,19,1865,1382,218,5172,1310,562,317,214,2098,197,232,389,4096,211,246,7563,1848,265,369,4667,485,994,270,1388,4344,562,1559,95,963,1514,389,88
3/24/2021,145,427,334,138,241,1373,1488,219,219,5648,1964,115,667,333,2190,952,0,720,17,2274,1341,253,5843,1857,555,268,164,4266,184,728,518,3946,216,444,8193,1501,244,421,3623,478,1134,254,1519,3234,527,1800,187,1107,822,433,33
3/25/2021,182,442,184,571,245,1409,1700,287,287,5626,1659,117,823,317,3002,1101,506,641,14,2301,1386,210,6062,1699,532,210,150,0,154,0,335,5599,225,445,8110,2742,223,489,4927,497,1173,209,781,5580,453,1912,283,1060,822,499,126
3/26/2021,0,492,165,776,215,1295,0,376,376,5777,1410,104,483,224,2678,977,0,611,0,2362,1335,-1,5245,1736,367,196,117,0,47,451,371,4662,171,302,8736,1690,193,407,4387,328,968,248,895,4219,460,1392,125,1449,718,566,0
3/27/2021,0,319,69,554,195,957,0,361,361,4793,826,102,448,0,2250,944,0,358,0,1817,1032,377,0,1225,370,79,31,0,56,435,282,4509,161,143,9677,1019,171,250,2791,226,786,163,717,2415,389,1143,197,584,470,297,0
3/28/2021,0,228,79,604,32,807,3229,340,340,3290,1165,0,259,335,1761,713,429,309,35,1464,902,223,9238,1550,720,163,35,5305,241,359,313,3621,182,212,5976,1497,171,212,2923,399,599,92,1288,3589,194,1431,182,686,320,378,144
3/29/2021,623,361,178,586,10,957,1617,171,171,4946,1320,161,577,313,2404,720,0,740,10,1683,1366,251,6306,1273,571,288,158,1370,211,434,374,4871,147,221,7578,2458,203,406,5032,611,851,159,837,3139,371,1035,107,850,861,331,46
3/30/2021,0,408,212,733,148,1763,832,229,229,5146,1807,90,537,460,2592,1044,510,803,9,2252,1584,284,7107,1648,496,271,231,1929,208,0,462,3672,275,268,8805,1989,221,442,4557,486,953,264,1313,4497,514,1826,414,1251,727,416,74
3/31/2021,390,478,211,381,154,1604,1580,386,386,6583,1425,109,796,361,3526,1216,0,966,20,2455,1457,403,7098,2138,593,284,173,2027,161,550,363,5606,293,350,9188,2475,202,512,3893,428,1102,230,1772,3337,487,1537,0,1276,867,495,79
4/1/2021,195,400,144,940,179,1645,1488,402,402,6304,1582,129,589,284,3235,1203,501,685,0,2160,0,279,6151,2536,547,290,128,0,117,1674,471,4529,207,342,5971,1677,175,489,4656,415,1002,197,0,3518,422,1542,232,1353,893,420,58
4/2/2021,0,349,217,706,135,1571,0,487,487,5817,1125,106,490,0,2839,1049,0,579,0,2263,2944,295,9292,2064,348,97,184,0,61,242,438,4445,0,462,8246,2293,137,467,5343,273,989,175,0,1650,447,1267,150,1288,789,453,0
4/3/2021,0,194,84,464,109,1220,0,299,299,4677,874,92,406,0,2449,945,0,0,0,0,859,223,0,0,267,70,105,0,76,146,398,3799,0,260,7377,0,110,402,3933,79,677,0,2885,1714,344,1023,244,909,637,350,0
4/4/2021,483,109,44,608,21,867,2699,201,201,3399,643,89,268,655,2102,715,354,405,4,2912,867,290,11082,1383,763,0,0,6401,260,0,279,2831,443,181,6174,2918,71,246,2718,502,545,156,523,959,173,1434,118,705,326,277,82
4/5/2021,79,196,163,570,7,1266,1074,229,229,5367,1474,52,524,346,2931,615,0,330,9,1566,0,401,6149,3012,676,453,191,870,193,827,385,3710,178,295,6350,1871,29,530,4255,592,514,163,986,5771,300,1550,106,635,1151,277,90
4/6/2021,215,338,244,750,118,1913,1038,236,236,5712,1528,73,750,349,3790,1185,540,1019,11,2292,2768,320,9369,1996,666,240,193,1380,197,0,425,4243,216,277,7522,2064,483,470,4643,496,948,295,1497,4544,612,1928,69,1518,938,364,81
4/7/2021,223,464,199,670,129,1886,1012,362,362,7763,1490,121,631,310,3739,1411,0,627,15,1938,0,439,8539,2524,609,243,224,2087,124,789,506,4332,258,386,8216,2742,416,667,4746,493,1024,222,1460,4699,483,1542,227,1042,1115,446,102
4/8/2021,243,318,178,1302,155,1935,1807,380,380,6931,1441,81,615,312,4004,1339,469,733,16,2184,3424,307,8834,2646,577,238,224,2509,213,0,537,4193,121,637,8319,1946,418,543,5048,543,988,270,1120,3402,444,1700,146,1582,1194,479,71
4/9/2021,0,354,171,819,170,1455,0,419,419,6731,1570,112,441,221,3630,1358,0,500,0,2107,1483,218,7539,2449,428,117,168,0,44,633,468,3599,0,752,6789,2048,346,747,4882,319,969,238,1266,3198,407,1227,150,1436,950,455,0
4/10/2021,0,311,0,540,105,1235,0,367,367,5389,1092,89,437,0,2942,1159,0,365,0,1831,985,295,4837,1776,429,70,41,0,63,0,408,3387,0,320,6200,1855,187,483,3362,247,749,0,923,1772,344,1310,237,1234,613,415,0
4/11/2021,386,172,169,675,31,912,2985,355,355,1572,939,68,232,317,2433,1131,483,267,25,1376,1084,570,5716,1993,792,317,70,5655,231,475,375,1583,619,319,5709,1934,126,282,3088,494,702,187,640,1660,185,2048,89,488,450,293,115
4/12/2021,134,1432,224,610,9,1904,1118,210,210,8925,1913,62,561,219,3193,952,0,796,14,1401,1552,547,10277,1358,707,275,173,1364,176,0,376,4848,177,412,5373,2340,406,548,6638,479,802,262,1457,7277,358,1301,97,1131,1127,328,82
4/13/2021,195,277,220,419,114,2324,1609,380,380,6695,1735,67,656,437,3536,1196,601,774,9,2004,1444,578,9349,1697,583,410,205,2359,165,392,378,3563,214,395,5887,2216,302,808,5730,424,1119,225,1208,3422,530,1415,100,1256,1003,413,57
4/14/2021,185,421,283,460,136,1500,702,400,400,6665,1600,95,478,210,3581,1374,0,821,9,1884,1564,573,7191,2729,503,216,192,2434,177,718,542,3917,227,549,6959,2164,273,725,5060,446,1248,234,1535,3276,456,1594,176,1386,1084,393,76
4/15/2021,184,422,237,845,79,2260,1062,407,407,7161,1650,85,387,212,3866,1287,541,702,9,1962,1500,413,9850,2287,373,292,118,2475,139,0,385,4381,263,536,4654,2003,340,695,5650,367,982,243,1370,3474,463,1608,139,2169,903,475,64
4/16/2021,141,508,221,480,103,1450,779,455,455,6196,1671,96,504,179,3194,2479,0,592,3,1694,1169,346,6076,2419,-13,157,148,2338,58,505,369,3922,203,232,6864,1987,261,875,5114,203,1005,200,4181,2682,413,1305,66,1655,868,446,37
4/17/2021,116,270,45,711,78,1261,780,381,381,6749,972,109,249,52,2666,956,0,275,4,1265,631,260,4287,1845,378,37,56,1955,51,316,307,3149,203,233,6130,1076,185,620,3761,188,768,67,707,1904,248,978,147,1342,596,370,37
4/18/2021,98,111,59,692,4,777,780,389,389,4172,889,64,160,227,1959,712,429,231,4,1236,925,420,4884,1284,718,362,57,1380,237,495,197,2183,204,233,5217,1632,77,471,1914,0,566,66,470,1199,200,1236,96,29,403,260,37
4/19/2021,178,1443,198,702,32,1963,738,160,160,5554,1312,38,609,238,2587,676,297,604,13,968,1205,501,6601,1185,704,233,177,1200,176,399,270,2839,137,381,4073,1799,237,565,4577,392,747,171,721,6057,315,1261,53,1798,931,315,78
4/20/2021,199,412,352,649,86,1492,856,286,286,5496,1318,68,642,294,2765,1152,296,780,10,1370,1203,402,5973,1600,921,319,158,1963,167,398,342,3475,168,436,4791,1789,283,977,4602,289,0,157,1270,4856,590,1374,73,1496,791,426,62
4/21/2021,225,682,161,647,102,2361,737,274,274,6574,1706,92,470,234,3170,1180,244,624,8,1431,1163,371,5511,1970,888,212,181,2236,152,146,516,3230,207,528,4750,1724,303,976,4192,381,835,134,2008,3341,472,1340,87,1625,840,400,95
4/22/2021,145,428,236,896,94,1876,1034,326,326,5387,1842,89,440,190,3369,1071,245,598,12,1452,1196,373,5640,2164,716,213,155,2167,119,146,320,2834,231,562,4989,1788,265,1010,4188,296,959,199,1208,3472,344,1004,91,1755,900,405,83
4/23/2021,0,421,184,729,49,1917,0,334,334,7293,1513,51,398,91,2907,1101,0,482,0,1386,906,165,5204,2103,379,213,175,0,32,535,311,2783,0,0,4107,1526,202,810,4164,0,842,136,794,2449,472,884,63,1718,651,375,0
4/24/2021,0,233,64,661,53,1567,0,295,295,4578,916,119,191,91,2035,827,0,324,0,1085,557,228,0,1556,316,212,49,0,121,100,279,1694,0,0,3124,873,262,770,3162,0,728,0,686,1407,281,719,97,1123,465,314,0
4/25/2021,0,0,0,0,,0,0,0,0,0,0,0,0,0,0,0,0,0,0,0,0,0,0,0,0,0,0,0,0,0,0,0,0,0,0,0,0,0,0,0,0,0,0,0,0,0,0,0,0,0,0
